F,T1,T2,T3,T4,T5,T6,T7,T8,T9,T10,T11,XD,XW
1,62.66,325.06,325.15,326.33,327.09,340.38,349.43,364.59,365.48,365.56,366.18,0.99024,0.025787
1,62.66,325.04,324.92,326.36,327.79,343.76,349.36,365.04,365.49,365.67,366.14,0.98544,0.020978
1,62.66,325.24,325.91,325.87,327.97,340.97,349.55,364.52,365.57,366.05,366.09,0.97583,0.011369
1,62.66,325.1,325.47,325.61,327.09,341.01,349.01,364.94,365.31,365.81,366.12,0.97707,0.012611
1,62.66,324.91,325.76,326.25,328.36,343.26,349.06,365.11,365.64,365.77,366.05,0.97595,0.011493
1,62.66,325.09,325.27,327.11,327.51,342.74,348.58,364.77,365.51,365.99,366.17,0.98303,0.018573
1,62.66,325.09,325.82,326.76,327.48,341.4,349.57,364.95,365.51,365.88,366.12,0.98401,0.019551
1,62.66,325.06,326.18,326.39,326.81,341.56,349.12,364.91,365.44,366.05,366.06,0.97781,0.013351
1,62.66,325.04,325.36,326.51,326.96,342.33,349.11,364.83,365.48,365.71,366.08,0.97384,0.0093766
1,62.66,325.07,325.6,325.98,327.47,342.92,349.38,364.94,365.33,365.83,366.14,0.9773,0.012835
1,62.66,325.05,325.72,326.06,327.03,341.83,349.31,364.83,365.44,365.79,366.19,0.97942,0.014959
1,62.66,325.11,325.39,326.25,327.66,342.2,349.02,365.12,365.34,365.89,366.15,0.9726,0.0081399
1,62.66,325.11,325.91,326.68,328.3,342.63,350.53,365.26,365.34,365.76,366.11,0.97657,0.012112
1,62.66,325.05,325.54,326.48,328.67,340.96,349.31,365.23,365.31,365.87,366.05,0.97885,0.014393
1,62.66,325.04,325.69,327.51,327.94,343.59,348.8,364.83,365.47,365.78,366.13,0.97701,0.012549
1,62.66,324.96,325.37,326.9,328.29,343,349.71,365.05,365.18,365.9,366.16,0.98318,0.018721
1,62.66,325.11,325.85,326.52,327.31,341.61,348.06,364.5,365.23,365.67,366.19,0.98078,0.016315
1,62.66,325,325.57,326.44,327.51,340.28,348.47,364.58,365.33,365.72,366.13,0.98023,0.015766
1,62.66,324.86,325.65,325.9,328.14,341.97,348.71,364.81,365.1,365.78,365.97,0.98855,0.024086
1,62.66,324.94,325.43,325.43,327.86,341.24,349.51,365.26,365.21,365.74,366.12,0.97412,0.0096591
1,62.66,325.16,325.73,325.52,326.91,342.33,349.45,365.02,365.31,365.82,366.12,0.97847,0.014008
1,62.66,325.07,325.76,326.83,327.76,341.53,348.96,364.96,365.37,365.73,365.99,0.98292,0.018452
1,62.66,325.48,325.81,326.13,327.21,341.51,349.21,364.4,365.47,365.81,366.17,0.97242,0.0079581
1,62.66,325.03,325.77,325.72,326.91,339.81,348.12,365.41,365.27,365.92,366.22,0.98403,0.01957
1,62.66,324.96,325.38,326.01,327.51,340.52,349.89,364.84,365.31,365.79,366.03,0.97539,0.010931
1,62.66,325.12,325.76,326.29,326.6,339.8,349.35,364.91,365.39,365.72,366.09,0.97858,0.014115
1,62.66,325.06,325.91,326.74,327.56,341.26,348.99,365.02,365.03,365.73,366.06,0.97661,0.012146
1.02,62.66,325.14,325.69,326.98,327.18,342.14,349.12,365,365.25,365.79,366.12,0.98109,0.01662
1.02,62.66,325.24,325.5,326.67,327.7,340.08,349.12,364.72,365.07,365.77,366.09,0.976,0.011709
1.02,62.66,325.16,325.33,326.69,327.43,340.85,349.68,364.55,365.4,365.68,366.2,0.96885,0.0047811
1.02,62.66,324.98,325.76,326.22,327.93,342.02,348.98,364.99,364.88,365.59,366.09,0.98196,0.018092
1.02,62.66,324.92,325.65,326.43,327.33,342.78,349.52,364.72,365.29,365.83,366.05,0.98608,0.022392
1.02,62.66,324.99,325.37,326.74,327.3,341.81,348.43,364.58,365.25,365.73,366.14,0.98918,0.025667
1.02,62.66,324.87,325.68,326.67,328.18,341.67,349.13,364.94,365.05,365.7,366.05,0.98279,0.01942
1.02,62.66,325.14,325.38,326.36,327.79,343.05,348.13,364.38,365.12,365.61,366.07,0.97298,0.0097429
1.02,62.66,325.17,325.15,326.19,327.77,341.93,349.66,364.83,364.98,365.59,365.91,0.97521,0.012093
1.02,62.66,324.95,325.4,325.79,327.59,340.12,347.61,364.33,365.49,365.73,366.11,0.97255,0.0095354
1.02,62.66,325.1,325.73,326.79,326.12,342,348.92,364.12,365.4,365.56,365.94,0.98762,0.02469
1.02,62.66,324.97,325.67,326.02,327.18,340.63,348.89,364.45,365.17,365.85,366,0.98117,0.018315
1.02,62.66,325.12,325.6,325.92,326.37,341.88,348.89,364.77,365.13,365.65,365.91,0.98943,0.026643
1.02,62.66,324.95,325.09,326.39,326.5,342.16,347.92,364.82,365.18,365.77,366.15,0.98565,0.02291
1.02,62.66,324.87,325.71,325.79,326.67,340.4,348.09,364.97,364.76,365.59,365.99,0.98557,0.022865
1.02,62.66,325,325.38,325.98,328.29,340.04,348.16,364.44,364.98,365.63,365.92,0.98034,0.01766
1.02,62.66,325.09,325.62,325.88,326.47,339.09,347.58,364.06,364.91,365.37,366.06,0.98057,0.017922
1.02,62.66,325.1,325.3,325.94,326.78,339.82,347.97,363.88,364.88,365.62,366.01,0.98404,0.021408
1.02,62.66,324.91,325.34,326.07,326.92,340.38,348.09,364.71,365.24,365.31,365.91,0.97248,0.0098582
1.02,62.66,325.15,325.6,326.48,327.79,338.74,347.94,363.97,364.76,365.59,366.08,0.98124,0.018627
1.02,62.66,325,326.06,326.39,326.15,341.17,348.82,364.01,364.91,365.52,365.83,0.97759,0.014981
1.02,62.66,324.91,325.66,326.05,327.78,339.45,347.63,364.19,365,365.47,366.01,0.98652,0.023902
1.02,62.66,325.08,325.49,326.6,327,339.7,348.03,364.07,365.06,365.45,365.94,0.98461,0.021988
1.02,62.66,324.88,325.44,326.24,327.48,339.45,348,364.01,364.64,365.43,365.91,0.97581,0.013178
1.02,62.66,324.69,325.4,325.96,327.88,339.52,348.5,364.01,365.12,365.4,365.89,0.9833,0.020659
1.02,62.66,324.75,325.38,325.93,326.46,340.29,346.71,364.35,365.21,365.44,365.97,0.97624,0.013587
1.02,62.66,324.94,325.23,326.06,326.79,339.21,347.6,364.23,364.68,365.35,366.02,0.99005,0.027389
1.02,62.66,324.95,324.85,326.05,327.14,339.32,348.31,364.1,364.72,365.33,365.94,0.98121,0.018542
1.02,62.66,325.2,325.75,326.35,325.92,339.6,347.03,364.6,364.81,365.58,365.86,0.99394,0.031257
1.02,62.66,324.86,325.56,326.36,326.09,339.33,347.48,363.9,364.44,365.1,365.96,0.98331,0.02062
1.02,62.66,324.82,325.07,325.64,327.53,341.01,348.56,364.26,365,365.45,365.85,0.98108,0.018382
1.02,62.66,324.79,325.13,326.02,326.81,339.76,348.52,364.04,364.62,365.41,365.91,0.98873,0.026021
1.02,62.66,324.77,325.44,325.86,327.59,340.23,347.66,364.02,364.86,365.44,365.84,0.97818,0.015463
1.02,62.66,324.81,325.23,326.27,326.25,338.87,347.61,363.87,364.96,365.54,365.87,0.98051,0.01779
1.02,62.66,324.97,325.33,325.7,326.58,340.92,347.86,364.11,364.86,365.43,365.96,0.99431,0.031584
1.02,62.66,324.85,325.14,326.57,326.46,338.47,347.51,363.94,364.89,365.19,365.86,0.99705,0.034315
1.02,62.66,324.72,325.58,325.9,327.14,337.57,347.34,363.73,364.96,365.32,365.99,0.99683,0.034097
1.02,62.66,325,325.86,325.77,326.38,339.26,347.55,363.73,364.81,365.31,365.89,0.98807,0.025338
1.02,62.66,325.17,325.86,326.09,327.27,339.31,347.15,363.59,364.76,365.32,365.82,0.97805,0.01532
1.02,62.66,324.91,325.09,325.53,326.35,339.26,346.91,363.56,364.64,365.47,365.81,0.98413,0.021404
1.02,62.66,324.88,325.51,325.1,326.6,339.45,347.36,363.75,364.68,365.42,365.82,0.9805,0.017784
1.02,62.66,325.01,325.15,325.85,326.11,338.17,346.61,363.99,364.53,365.3,365.74,0.98725,0.024534
1.02,62.66,324.62,325.28,326.02,325.99,338.01,347.86,363.82,364.54,365.24,365.7,0.99286,0.030157
1.02,62.66,324.8,325.41,325.95,326.79,338,347.9,363.67,364.53,365.4,365.99,0.97299,0.010291
1.02,62.66,324.69,325.21,325.56,326.43,338.57,347.38,364.15,364.69,365.36,365.9,0.98904,0.026353
1.02,62.66,324.8,324.98,325.68,326.61,339.95,347.28,363.5,364.65,365.48,365.8,0.98639,0.023715
1.02,62.66,324.89,325.34,325.29,326.59,339.21,347.57,363.85,364.56,365.36,365.65,0.97955,0.016891
1.02,62.66,324.66,325.3,325.94,327.17,338.04,347.85,364,364.27,365.18,365.86,0.98217,0.019528
1.02,62.66,324.79,325.17,326.34,326.34,338.84,347.85,363.87,364.49,365.4,365.72,0.98841,0.025788
1.02,62.66,324.8,325.05,325.63,326.64,337.83,347.59,364.05,364.37,365.27,365.7,0.98563,0.023026
1.02,62.66,324.68,325.35,325.36,328.02,337.56,347.09,363.76,364.74,365.23,365.71,0.99723,0.034652
1.02,62.66,324.66,325.43,326.09,327.11,338.04,347.34,363.95,364.36,365.52,365.89,0.98319,0.020637
1.02,62.66,324.81,325.41,325.18,327.36,338.2,347.65,363.76,364.41,365.09,365.74,0.98376,0.021226
1.02,62.66,324.75,325.33,325.47,326.55,338.98,347.27,363.6,364.53,365.42,365.7,0.99052,0.028014
1.02,62.66,324.79,325.18,325.66,326.92,338.32,346.04,364.06,364.67,365.27,365.82,0.97813,0.015644
1.02,62.66,324.63,325.98,325.15,326.59,338.36,346.88,363.7,364.53,365.23,365.74,0.99015,0.027693
1.02,62.66,324.81,325.24,326.06,326.29,338.32,347.23,363.71,364.47,365.15,365.79,0.98206,0.019629
1.02,62.66,324.83,325.21,325.72,327.09,337.29,346.95,364.05,364.6,365.29,365.7,0.97978,0.017386
1.02,62.66,324.98,325.12,325.08,326.7,338.63,347.98,363.56,364.41,365.09,365.79,0.98419,0.021822
0.98,62.66,324.69,325.13,325.4,325.87,338.31,347.05,363.41,364.3,365.18,365.9,0.99229,0.029956
0.98,62.66,324.51,325.37,325.31,325.51,337.27,346.96,363.66,364.59,365.27,365.61,0.99134,0.028653
0.98,62.66,324.56,324.78,325.56,326.3,337.16,346.98,363.66,364.48,365.32,365.66,0.98286,0.01947
0.98,62.66,324.89,324.57,325.34,325.88,337.08,348.12,364.02,364.78,365.27,365.68,0.98976,0.025734
0.98,62.66,324.81,325.26,325.25,326.01,341.71,346.77,364.1,364.79,365.28,365.9,0.98976,0.025112
0.98,62.66,324.81,325.04,325.04,325.65,338.6,348.45,363.85,364.96,365.24,365.82,0.98923,0.024001
0.98,62.66,324.84,325.22,325.55,325.89,339.28,347.3,363.93,365.01,365.32,365.76,0.98982,0.024036
0.98,62.66,324.84,325.02,325.71,325.89,338.74,348.22,364.31,365.26,365.46,365.88,0.99566,0.029363
0.98,62.66,324.91,325.42,325.16,326.59,338.64,348.52,364.26,365,365.57,365.94,0.98986,0.023085
0.98,62.66,324.72,324.96,325.59,326.55,340.18,348.58,364.06,364.95,365.48,365.99,0.98878,0.02156
0.98,62.66,324.74,325.21,325.47,325.98,339.39,348.49,364.39,365.17,365.44,365.95,0.99093,0.023297
0.98,62.66,324.64,325.11,326.36,326.09,338.33,348.22,364.39,365.43,365.65,365.82,0.98506,0.01706
0.98,62.66,324.92,325.08,325.84,326.53,339.73,348.96,364.24,365.37,365.58,366.15,0.98988,0.021546
0.98,62.66,324.9,325.34,326.48,326.7,341.1,348.63,364.6,365.07,365.59,365.97,0.98961,0.020986
0.98,62.66,325.08,325.11,325.6,325.5,342.11,349.23,364.3,365.34,365.61,365.97,0.98806,0.019176
0.98,62.66,324.71,324.76,326.32,326.03,341.23,348.46,364.57,365.15,365.57,365.98,0.98931,0.02019
0.98,62.66,324.89,325.04,326.19,326.05,340.47,349.26,364.99,364.89,365.78,366.1,0.98348,0.014169
0.98,62.66,324.92,325.51,325.96,327.13,339.7,349.3,364.52,365.21,365.66,366.04,0.99027,0.020792
0.98,62.66,324.89,324.99,325.22,326.85,338.81,348.21,364.56,365.33,365.85,366.01,0.98285,0.013233
0.98,62.66,324.67,325.19,325.44,326.74,340.27,349.08,365.15,365.09,365.73,366.11,0.98244,0.012715
0.98,62.66,324.87,325.55,325.99,326.67,341.49,349.15,364.78,365.5,365.85,366.09,0.98565,0.015848
0.98,62.66,325.06,325.1,326.5,326.97,338.73,349.59,364.51,365.32,365.74,365.99,0.97713,0.0072687
0.98,62.66,324.8,325.18,326.33,326.46,339.74,349.15,365.14,365.37,365.59,366.14,0.98445,0.014564
0.98,62.66,324.93,325.7,326.26,326.96,341.43,349.59,364.75,365.53,365.74,366.18,0.98446,0.014568
0.98,62.66,324.9,325.47,326.28,326.29,341.18,349.08,364.9,365.63,365.54,366.15,0.98081,0.010941
0.98,62.66,325.07,325.18,326.07,326.78,340.65,349.96,365.05,365.17,365.95,366.14,0.98196,0.012129
0.98,62.66,324.79,324.95,325.64,326.74,341.31,349.99,364.98,365.76,365.99,366.06,0.99076,0.020994
0.98,62.66,324.84,325.27,326.36,326.81,340.95,350.55,364.88,365.44,365.69,366.07,0.98523,0.015547
0.98,62.66,324.62,325.8,325.7,326.9,343.26,349.76,365.37,365.51,365.82,366.17,0.98218,0.0126
0.98,62.66,324.98,325.65,325.9,327.75,339.94,348.59,364.93,365.53,365.88,366.12,0.98634,0.016875
0.98,62.66,325.18,325.5,326.18,327.41,339.82,350.31,364.61,365.47,365.83,366.29,0.99179,0.022474
0.98,62.66,325.11,325.25,325.55,328.31,342.06,349.55,364.94,365.48,366.13,366.17,0.98662,0.017454
0.98,62.66,324.98,325.19,326.06,327.24,342.11,349.52,365.24,365.61,365.89,366.15,0.98127,0.012278
0.98,62.66,324.98,325.53,326.32,327.25,341.6,350.67,365.47,365.68,366.01,366.14,0.98707,0.018265
0.98,62.66,324.93,325.62,326.01,328.08,344.14,350.78,365.21,365.46,365.8,366.25,0.98572,0.01712
0.98,62.66,325.08,325.24,326.01,327.47,343.67,350.91,365.02,365.4,365.99,366.14,0.98492,0.016535
0.98,62.66,325.22,325.95,326.66,327.67,342.87,349.67,365.26,365.47,365.95,366.32,0.98066,0.012497
0.98,62.66,325.05,325.91,326.99,327.48,343.63,350.26,365.1,365.54,366.07,366.34,0.98426,0.016347
0.98,62.66,325.04,326.15,326.7,327.42,341.64,349.52,365.19,365.77,366.04,366.12,0.98606,0.018391
0.98,62.66,325.11,325.78,326.74,327.76,340.92,350.2,364.83,365.45,366.13,366.23,0.99262,0.025224
0.98,62.66,325,325.63,326.18,327.88,342.23,350.6,365.27,365.56,365.92,366.21,0.97384,0.0067124
0.98,62.66,324.97,325.49,326.41,327.41,342.39,349.33,365.3,365.8,366.07,366.12,0.97912,0.012274
0.98,62.66,325.34,325.77,326.74,327.58,342.41,350.63,365.59,365.81,365.9,366.22,0.97714,0.010588
0.98,62.66,325.29,326.24,326.38,328.48,343.73,350.44,365.1,365.4,365.91,366.19,0.97981,0.013553
0.98,62.66,325.38,325.96,327.09,328.53,342.84,350.43,365.31,365.43,365.98,366.29,0.96817,0.0022197
0.98,62.66,325.22,326.2,326.42,327.51,343.75,350.93,365.17,365.78,366.12,366.18,0.98069,0.015054
0.98,62.66,325.27,326.04,326.77,329.17,345.18,350.17,365.71,365.56,366.19,366.19,0.97264,0.0073265
0.98,62.66,325.34,326.09,327.16,328.56,344.49,350.36,365.02,365.46,365.91,366.28,0.98033,0.015331
0.98,62.66,325.38,325.85,326.82,329.24,343.48,350.81,364.88,365.47,366.04,366.29,0.97384,0.0091782
0.98,62.66,325.19,325.83,326.65,329.34,344.59,349.7,365.32,365.76,365.93,366.3,0.9743,0.0099631
0.98,62.66,325.44,325.89,326.89,327.76,344.19,350.61,365.28,365.6,366.24,366.3,0.98026,0.016257
0.98,62.66,325.41,326.36,326.91,328.56,343.1,350.73,365.2,365.54,365.95,366.14,0.97743,0.013771
0.98,62.66,325.16,326.03,327.48,329.8,341.9,350.65,365.25,365.66,365.96,366.42,0.9597,-0.0036225
0.98,62.66,325.36,325.79,327.17,327.42,343.63,351.7,365.39,365.93,366.29,366.26,0.97561,0.012638
0.98,62.66,325.23,325.99,326.81,328.53,343.3,350.36,365.36,366.04,366.16,366.32,0.97775,0.015129
0.98,62.66,325.38,325.99,326.89,328.45,344,350.21,365.28,365.83,366.36,366.16,0.97498,0.012701
0.98,62.66,325.01,326.06,327.11,329.08,344.35,350.59,365.39,365.74,366.22,366.28,0.96324,0.0013105
0.98,62.66,325.47,326.18,327.01,327.82,343.77,350.54,365.59,365.61,366.14,366.29,0.97517,0.013588
0.98,62.66,325.23,326.13,327.29,328.34,346.12,350.74,365.28,365.45,366.01,366.36,0.97721,0.015969
0.98,62.66,325.29,326.26,327.39,330.55,345.63,350.91,365.56,365.36,365.89,366.3,0.97285,0.01196
0.98,62.66,325.08,325.83,328.09,329.28,343.48,351.14,365.66,365.9,366,366.29,0.97196,0.011409
0.98,62.66,325.58,325.84,327.18,329.21,343.39,349.93,365.21,365.8,365.96,366.25,0.9571,-0.0031082
0.98,62.66,325.16,326.3,327.5,329.09,342.8,351.3,365.64,365.8,366.21,366.21,0.96766,0.0077939
0.98,62.66,325.5,326.07,327.5,330.2,346.16,350.77,365.44,366.22,365.89,366.28,0.97271,0.013188
0.98,62.66,325.2,326.2,326.69,328.49,344.93,350.39,365.12,365.73,365.85,366.24,0.96642,0.0072228
0.98,62.66,325.35,326.21,327.02,329.03,342.49,350.09,366.09,365.63,365.97,366.29,0.97357,0.014709
0.98,62.66,325.33,326.34,328.39,329.56,344.05,350.52,365.6,366.07,365.77,366.4,0.96856,0.010029
0.98,62.66,325.38,326.15,327.89,328.61,345.49,350.6,365.52,365.69,366.07,366.29,0.97429,0.01609
0.98,62.66,325.31,326.68,327.99,329.02,343.91,350.6,365.12,365.62,366.12,366.52,0.95946,0.0015779
0.98,62.66,325.44,326.18,327.71,329.25,345.2,350.93,365.56,366.01,366,366.39,0.97595,0.018389
0.98,62.66,325.37,326.39,326.91,329.21,345.28,350.19,365.27,365.9,366.07,366.51,0.96403,0.0067827
0.98,62.66,325.39,326.01,327.82,330.1,345.36,351.18,365.24,365.84,366.12,366.33,0.97104,0.014107
0.98,62.66,325.34,326.35,327.59,328.63,344.57,351.6,365.29,365.76,366.23,366.24,0.96007,0.0034403
0.98,62.66,325.49,326.3,327.83,330.76,344.14,350.52,365.18,365.91,366.18,366.44,0.96938,0.013044
0.98,62.66,325.5,326.46,328.17,329.68,345.31,351.97,365.33,365.98,366.19,366.2,0.96455,0.008514
0.98,62.66,325.44,326.48,328.28,329.81,344.34,350.63,365.46,365.58,366.07,366.25,0.96879,0.013043
0.98,62.66,325.77,326.48,327.77,329.46,345.09,350.03,365.71,365.83,366.13,366.29,0.97028,0.014819
0.98,62.66,325.69,326.79,327.64,329.06,344.62,351.09,365.31,365.63,366.03,366.49,0.95609,0.00091263
0.98,62.66,325.43,326.96,327.78,328.73,342.37,350.96,365.55,365.69,366.03,366.32,0.96743,0.012531
0.98,62.66,325.48,326.12,328.14,329.83,343.45,350.38,365.48,365.92,365.98,366.25,0.97416,0.019524
0.98,62.66,325.64,326.61,327.79,330.09,344.66,349.9,365.06,365.68,366.03,366.14,0.96459,0.010219
0.98,62.66,325.5,326.76,327.29,329.69,346.28,350.39,365.64,366.2,366.09,366.4,0.96808,0.013971
1,62.66,325.32,326.14,327.92,331.03,345.68,351.12,365.41,365.83,366.04,366.44,0.96359,0.0097404
1,62.66,325.45,326.32,327.53,329.32,345.28,351.11,365.25,366.12,365.82,366.33,0.96884,0.015298
1,62.66,325.71,326.63,328.35,329.98,345.11,351.44,365.31,365.9,366.15,366.28,0.96309,0.009899
1,62.66,325.64,326.86,327.77,329.38,346.51,350.84,365.61,365.82,366.04,366.21,0.96701,0.014125
1,62.66,325.51,326.5,328.21,329.08,342.81,350.79,365.65,365.62,366.3,366.22,0.96427,0.01163
1,62.66,325.62,326.38,327.68,329.01,344.33,350.41,365.65,365.71,366.3,366.36,0.96642,0.013984
1,62.66,325.84,326.73,328.2,329.42,345.79,350.94,365.97,365.64,366.3,366.25,0.96391,0.011635
1,62.66,325.66,326.6,327.87,329.61,344.55,350.44,365.57,365.7,365.93,366.26,0.96478,0.012621
1,62.66,325.67,326.31,328.41,330.66,344.62,350.86,365.27,365.42,365.95,366.34,0.96816,0.016059
1,62.66,325.57,326.8,327.92,329.33,345.26,350.55,365.18,365.59,366.04,366.3,0.96197,0.0098895
1,62.66,325.72,326.35,327.99,330.06,343.45,350.42,365.1,365.61,366.4,366.3,0.96643,0.014345
1,62.66,325.38,326.42,327.81,329.98,343.56,349.95,365.25,365.68,366.09,366.23,0.97429,0.022171
1,62.66,325.47,326.89,327.75,329.17,344.75,350.75,365.54,365.79,366.02,366.17,0.96426,0.012071
1,62.66,325.94,326.75,327.85,329.89,344.69,350.96,365.11,365.87,366.05,366.32,0.968,0.01571
1,62.66,325.79,326.38,327.62,329.28,344.14,349.46,365.24,365.51,365.99,366.31,0.96737,0.014968
1,62.66,325.42,326.44,327.44,329.7,343.03,349.82,365.05,365.69,366.11,366.41,0.96511,0.012573
1,62.66,325.72,326.13,327.84,329.87,341.66,349.83,364.84,365.77,365.98,366.21,0.95957,0.0068754
1,62.66,325.46,326.73,327.97,329.29,342.28,349.96,364.84,365.72,365.95,366.18,0.95724,0.004381
1,62.66,325.47,326.77,327.24,329.44,343.32,351.07,365.24,365.59,365.95,366.23,0.96379,0.010746
1,62.66,325.48,326.82,327.45,328.9,342.41,350.08,365.44,365.93,366.08,366.28,0.96421,0.010977
1,62.66,325.61,326.59,328.14,329.15,345.16,350.13,365.51,365.61,365.94,366.29,0.96846,0.015024
1,62.66,325.56,326.52,327.64,328.99,345.01,350.26,365.24,365.78,365.93,366.16,0.96749,0.013847
1,62.66,325.59,326.26,328.19,329.27,343.45,350.06,365.13,365.46,366.07,366.25,0.97216,0.01831
1,62.66,325.36,325.89,327.49,329.39,342.27,350.87,365.18,365.73,365.92,366.18,0.96583,0.011765
1,62.66,325.57,326.07,326.88,329.17,345.16,349.7,365.12,365.82,366.03,366.22,0.9658,0.011515
1,62.66,325.28,326.31,327.55,329.45,343.1,350.07,365.21,365.53,366.03,366.18,0.9682,0.013701
1,62.66,325.58,326.31,327.61,329.16,343.24,349.3,364.85,365.79,365.96,366.17,0.97886,0.024137
1,62.66,325.55,326.36,327.53,328.05,343.67,350.12,364.91,365.82,365.93,366.26,0.97208,0.017137
1,62.66,325.41,326.2,327.12,328.95,343.65,349.58,365.13,365.35,365.92,366.2,0.96643,0.011269
1,62.66,325.44,326.28,327.02,328.49,342.75,350.09,365,365.61,365.85,366.21,0.96754,0.012162
1,62.66,325.65,326.31,327.31,328.82,343.75,349.98,364.63,365.79,366.09,366.19,0.97273,0.017138
1,62.66,325.58,326.7,327.22,328.12,342.37,349.17,365.03,365.49,366.03,366.28,0.97013,0.014322
1,62.66,325.61,325.97,328.04,327.98,343.85,350.63,364.89,365.66,365.92,366.24,0.96139,0.0053728
1,62.66,325.3,325.56,326.44,329.11,343.26,350.25,365.05,365.74,366.14,366.41,0.96885,0.012624
1,62.66,325.26,325.88,327.38,328.64,342.69,350.46,364.88,365.56,366.07,366.17,0.97007,0.013634
1,62.66,325.37,326.4,327.43,328.62,343.28,349.25,364.92,365.51,365.87,366.13,0.97099,0.014356
1,62.66,325.37,326.49,327.38,328.13,342.53,349.37,365.29,365.66,365.71,366.23,0.97315,0.016315
1,62.66,325.4,325.96,326.91,328.07,342.34,349.61,364.95,365.42,365.8,366.14,0.97005,0.013024
1,62.66,325.24,326.3,326.58,329.57,343.93,349.68,364.84,365.48,365.73,366.17,0.96169,0.0044763
1,62.66,325.22,326.3,327.65,329.14,341.45,349.04,364.82,365.48,365.83,366.15,0.97252,0.015113
1,62.66,325.48,326.28,326.84,328.54,343.35,349.47,364.98,365.52,365.94,366.26,0.96307,0.0054788
1,62.66,325.48,325.84,327.33,328.08,341.87,349.48,364.93,365.54,365.83,366.16,0.97121,0.013448
1,62.66,325.38,326.13,326.96,329.06,344.89,350.33,365.17,365.71,365.81,366.05,0.97044,0.012498
1,62.66,325.39,326.12,326.97,327.79,341.92,349.58,364.92,365.16,365.91,366.28,0.9797,0.021589
1,62.66,325.06,326.17,326.7,327.31,343.83,349.32,365.19,365.44,366.03,366.06,0.96567,0.0073987
1,62.66,325.26,326.45,327.06,328.38,343.29,348.81,365.41,365.36,365.89,366.18,0.97308,0.01464
1,62.66,325.34,326.13,326.61,329.78,340.56,348.97,364.73,365.55,365.76,366.22,0.95811,-0.00048817
1,62.66,325.32,326.05,326.88,328.82,343.86,348.83,365.07,365.33,366.12,366.15,0.97615,0.017404
1,62.66,325.39,326.24,326.32,328.77,342.97,349.31,365.26,365.38,365.55,366.17,0.9817,0.022803
1,62.66,325.39,325.97,326.73,327.91,342.18,349.93,364.36,365.45,365.86,366.18,0.9732,0.01416
1,62.66,325.24,325.41,326.91,328.68,341.3,348.94,364.67,365.56,365.92,366.14,0.96935,0.010167
1,62.66,325.37,325.92,327.11,327.72,342.06,350.48,365.12,365.57,365.76,366.13,0.97064,0.011315
1,62.66,325.15,326.01,326.92,328.26,342.32,349.38,365.21,365.39,365.84,366.14,0.97641,0.016949
1,62.66,325.47,326.07,327.14,327.86,341.98,349.09,365.13,365.61,366.1,366.19,0.97111,0.011516
1,62.66,325.2,326.05,327.22,328,343.63,349.55,364.88,365.48,365.6,366.27,0.99001,0.030293
1,62.66,325.44,325.78,327.63,329.09,340.83,349.49,364.78,365.75,365.78,366.15,0.97582,0.01598
1,62.66,325.01,325.73,327.03,328.46,344.1,348.74,364.44,365.57,365.78,366.07,0.97055,0.010589
1,62.66,325.28,326.1,326.3,328.7,342.9,350.19,364.7,365.58,365.97,366.09,0.97177,0.011692
1,62.66,325.25,325.59,327.09,328.57,344.65,349.94,364.91,365.4,366.04,366.21,0.97337,0.013174
1,62.66,325.36,325.57,326.56,328.27,341.77,349.24,365.63,365.97,366.06,366.24,0.98207,0.021769
1,62.66,325.12,326.01,326.78,328.97,341.58,349.56,364.97,365.39,365.71,366.07,0.97453,0.014117
1,62.66,325.24,325.95,327.24,327.95,342.1,349.78,364.87,365.75,365.86,366.17,0.97135,0.010834
1,62.66,325.54,325.77,327.27,328.37,342.02,349.98,365.44,365.68,365.89,366.07,0.9729,0.012285
1,62.66,325.17,325.81,326.83,327.71,342.92,349.11,365.1,365.32,365.75,366.15,0.97887,0.018152
1,62.66,325.13,325.85,326.98,328.62,342.63,349.46,365.03,365.6,365.82,366.13,0.97462,0.013809
1,62.66,325.07,326.01,326.79,327.41,342.7,350.21,364.72,365.72,365.74,366.23,0.98158,0.020673
1,62.66,325.24,326.11,326.57,327.37,342.21,349.28,364.94,365.26,365.93,366.25,0.97509,0.014094
1,62.66,325.21,325.5,326,327.44,342.53,349.56,364.76,365.54,365.7,366.1,0.9802,0.019113
1,62.66,325.13,325.43,327.05,328.11,342.26,349.36,364.68,365.41,365.92,366.2,0.97171,0.010541
1,62.66,325.15,325.94,326.72,328.49,343.38,349.37,365.22,365.36,365.77,366.08,0.97306,0.0118
1,62.66,325.24,325.76,327.3,327.35,342.04,348.81,364.93,365.17,365.77,366.12,0.97261,0.01127
1,62.66,325.32,325.8,326.82,328.97,342.5,349.76,364.67,365.45,365.94,366.2,0.97681,0.015393
1,62.66,325.14,325.83,326.4,328.13,343.51,349.59,364.71,365.51,365.85,366.13,0.97964,0.018141
1,62.66,325.19,326.05,325.92,327.34,344.65,350.15,365.22,365.25,365.84,366.07,0.973,0.01143
1,62.66,325.43,325.23,326.34,328.19,342.68,348.75,364.49,365.37,365.83,366.14,0.97673,0.015083
1,62.66,325.02,325.79,327.2,328.21,340.79,348.97,365.03,365.49,365.9,366.14,0.97493,0.013213
1,62.66,324.93,326.12,326.92,327.79,340.88,349.19,364.52,365.31,365.8,366.11,0.98323,0.021445
1,62.66,325.26,325.95,326.26,328.36,343.67,350.06,364.89,365.35,365.93,366.12,0.98328,0.02143
1,62.66,324.97,326.3,326.66,327.78,341.86,349.62,364.86,365.27,365.74,366.02,0.97338,0.011464
1,62.66,325.25,326.16,326.93,327.19,342.07,348.72,364.62,365.4,365.66,366.07,0.97212,0.010142
1,62.66,325.06,325.41,327.06,327.87,342.61,350.17,364.56,365.29,366.11,366.19,0.98118,0.019144
1,62.66,325.15,325.63,326.85,328.13,342.08,348.75,364.93,365.53,365.83,366.13,0.97798,0.015887
1,62.66,325.14,325.78,326.49,327.51,342.36,349.14,364.79,365.72,366.11,366.07,0.97338,0.01122
1,62.66,325.22,325.75,326.56,328.05,340.33,349.54,365.01,365.52,365.79,366.14,0.97797,0.015755
1,62.66,325.16,325.61,325.86,327.48,343.5,348.63,364.82,365.41,365.87,366.09,0.9669,0.0046308
1,62.66,325.32,325.27,326.61,328.27,341.55,349.56,364.86,365.61,365.62,366.2,0.96778,0.0054618
1,62.66,324.98,325.52,326.13,327.92,342.32,349.63,365.05,365.25,365.88,366.08,0.97875,0.016373
1,62.66,325.16,326.03,326.39,327.33,341.55,350.46,364.91,365.22,365.96,366.11,0.97942,0.01699
1,63.913,325.16,325.91,326.51,327.72,342.15,349.08,364.74,365.45,365.71,366.16,0.97936,0.016878
1,63.913,325.16,325.51,326.89,327.47,340.29,349.22,364.72,365.06,365.76,366.22,0.98475,0.022126
1,63.913,324.97,325.56,326.14,328.18,343.88,349.69,365.15,365.55,365.74,366.13,0.9726,0.0098327
1,63.913,325.22,325.93,326.45,327,341.79,349.24,364.67,365.39,365.65,366.13,0.98038,0.017436
1,63.913,324.97,325.91,326.22,326.28,341.86,349.43,364.37,365.35,365.58,366.11,0.97956,0.016393
1,63.913,324.99,325.97,326.31,327.41,340.22,348.97,364.89,365.32,365.72,366.11,0.97766,0.014245
1,63.913,325.04,325.52,326.49,326.24,339.47,349.48,364.76,365.67,365.6,366.09,0.98999,0.026304
1,63.913,325.05,325.21,325.82,325.85,340.44,349.35,364.48,365,365.93,366.02,0.98066,0.016702
1,63.913,325.13,325.82,325.67,327.2,340.8,348.64,364.26,365.29,365.52,366.05,0.97419,0.0099613
1,63.913,325.09,325.35,325.62,326.88,340.19,348.51,365.12,365.16,365.87,366.1,0.97685,0.01235
1,63.913,325.18,325.19,325.85,327.34,340.7,348.37,364.89,365.32,365.53,366.1,0.98026,0.015493
1,63.913,324.99,325.31,326.54,325.84,339.39,348.62,364.87,365.16,365.5,366.15,0.9851,0.020077
1,63.913,325,325.24,325.63,327,340.69,348.61,364.25,365.04,365.49,365.99,0.98492,0.019655
1,63.913,324.93,325.18,325.71,327.31,338.29,348.58,364.5,365.19,365.59,365.92,0.97875,0.013258
1,63.913,324.86,325.79,325.68,326.81,338.54,348.71,364.4,365.14,365.54,366.06,0.9791,0.01341
1,63.913,324.76,324.93,325.72,326.61,337.43,347.93,364.42,365.32,365.61,366.02,0.9874,0.021523
1,63.913,324.95,324.96,325.48,327.36,339.76,349.26,364.48,365.01,365.58,366.02,0.9861,0.020049
1,63.913,324.91,325.13,325.4,326.67,339.57,347.93,364.28,365.33,365.43,366.04,0.98536,0.019158
1,63.913,324.67,324.6,325.35,326.73,338.52,347.53,364.2,364.91,365.68,365.96,0.98301,0.016677
1,63.913,324.92,325.06,325.12,326.83,338.75,346.85,364.31,365.01,365.48,365.98,0.9794,0.012957
1,63.913,324.74,325.02,325.43,326.5,340.09,347.63,364.17,364.59,365.45,366.02,0.98767,0.021136
1,63.913,324.76,324.86,326.11,325.18,338.87,346.33,364.2,365.01,365.61,365.95,0.98947,0.022866
1,63.913,324.75,325.32,325.62,325.87,337.34,347.55,364.09,365.13,365.37,365.85,0.98522,0.018563
1,63.913,324.88,325.17,325.73,326.59,335.56,346.76,364.09,364.73,365.42,365.84,0.99743,0.030734
1,63.913,324.77,325.23,324.98,325.71,337.68,347.25,364.64,364.85,365.46,365.85,0.99569,0.028982
1,63.913,324.65,325.22,325.24,325.51,337.5,347.36,363.83,365.33,365.51,365.9,0.99278,0.026083
1,63.913,324.63,324.64,325.16,325.94,337.48,347.7,364.18,364.65,365.43,365.79,0.97986,0.013189
1,63.913,324.78,325.2,325.88,325.81,335.92,347.57,363.76,364.62,365.38,365.84,0.98999,0.023365
1,63.913,324.62,324.69,325.31,326.22,337.75,347.46,364.03,364.33,365.42,365.88,0.99546,0.028887
1,63.913,324.62,325.08,324.97,325.04,336.6,347.68,363.34,364.89,365.32,365.73,0.99174,0.025248
1,63.913,324.64,325.79,325.37,324.72,336.4,347.11,364.26,364.25,365.31,365.77,0.99752,0.031118
1,63.913,324.59,325.25,325.65,326.71,336.82,346.9,363.78,364.85,365.2,365.9,0.99274,0.026458
1,63.913,324.72,324.85,325.55,324.83,336.66,346.99,363.4,364.71,365.15,365.76,0.99464,0.028479
1,63.913,324.85,324.78,325.64,324.99,335.28,346.37,363.71,364.65,365.21,365.74,0.98977,0.02375
1,63.913,324.55,324.9,325.41,325.92,335.34,346.45,363.61,364.76,365.21,365.89,0.98591,0.020044
1,63.913,324.72,325.2,325.13,326.48,333.33,347.06,363.82,364.24,365.49,365.79,0.9862,0.020502
1,63.913,324.51,324.88,324.93,324.98,336.9,346.49,363.64,364.28,365.08,365.64,0.99436,0.028844
1,63.913,324.58,325.5,326.01,325.14,335.65,345.99,363.46,364.21,365.13,365.73,0.99632,0.03099
1,63.913,325.04,324.3,325.26,325.74,337.42,346.43,363.69,364.45,365.01,365.72,0.99135,0.026226
1,63.913,324.64,324.77,325.45,326.36,335.71,346.07,363.19,364.28,365.18,365.76,0.98777,0.022871
1,63.913,325.15,324.55,325.11,325.64,335.89,346.44,363.31,363.99,365.11,365.6,0.99275,0.028072
1,63.913,324.78,324.4,325.15,324.98,335.42,346.31,363.33,364.45,365.02,365.75,0.99425,0.029804
1,63.913,324.64,324.55,324.92,324.97,334.1,345.94,363.5,364.19,364.97,365.63,0.99198,0.027781
1,63.913,324.83,324.68,325.27,325.09,334.56,345.44,363.25,364.36,365.14,365.74,0.99769,0.033746
1,63.913,324.48,324.8,325.04,325.88,337.02,345.36,363.27,364.08,364.95,365.72,0.99648,0.032796
1,63.913,324.73,325.08,325.18,325.05,335.55,346.2,363.19,364.23,364.88,365.76,1.0018,0.038381
1,63.913,324.57,325.05,324.4,325.62,334.21,345.85,363.51,364.47,364.83,365.76,0.99318,0.030051
1,63.913,324.79,324.72,324.9,324.77,333.81,346.33,363.28,364.12,365.08,365.51,0.99711,0.03426
1,63.913,324.58,325.1,325.09,325.56,335.5,344.99,362.77,364,364.83,365.55,0.99482,0.032265
1,63.913,324.72,324.95,324.52,326,333.7,345.69,362.84,364,364.99,365.56,0.99429,0.032021
1,63.913,324.57,324.84,325.22,325.05,333.59,345.07,362.75,364.04,364.93,365.57,0.98968,0.027713
1,63.913,324.53,324.95,325.5,324.69,334.67,345.09,363.4,364.08,364.82,365.5,0.98941,0.02775
1,63.913,324.43,324.7,325.17,325.82,336.25,345.05,362.82,364,364.97,365.44,1.0032,0.041821
1,63.913,325.15,324.86,325.44,325.46,334.69,345.26,362.63,363.81,364.94,365.55,0.99608,0.035031
1,63.913,324.66,324.73,325.33,324.85,334.45,346,363.08,363.87,364.64,365.56,0.9975,0.036768
1,63.913,324.75,324.94,325.27,325.26,334.26,345.28,362.61,364.18,364.94,365.53,0.99801,0.03759
1,63.913,324.53,324.49,325.16,325.61,333.65,345.26,362.78,364.1,364.64,365.29,0.99165,0.031553
1,63.913,324.48,324.98,325,324.54,334.3,345.88,362.67,363.68,364.69,365.46,0.98666,0.026881
1,63.913,324.5,324.66,324.92,325.4,332.79,345.32,362.9,363.79,364.82,365.48,0.99544,0.035978
1,63.913,324.62,325.02,325.25,324.99,334.85,345.52,362.47,363.91,364.92,365.41,0.9974,0.038264
1,63.913,324.99,324.89,324.78,324.67,333.06,344.82,362.61,363.82,364.77,365.3,0.98927,0.030453
1,63.913,324.55,325.03,324.55,326.42,335.53,345.83,362.71,363.79,364.65,365.45,0.99185,0.033352
1,63.913,324.36,324.8,324.98,325.61,334.5,345.69,362.82,363.39,364.79,365.42,0.99543,0.037252
1,63.913,324.51,325.08,324.41,325.78,333.85,344.73,362.31,363.88,364.56,365.45,0.9891,0.03124
1,63.913,324.48,324.35,325.66,326.02,332.92,344.86,362.49,363.52,364.63,365.21,0.99882,0.041279
1,63.913,324.61,324.53,324.93,325.72,334.45,345.51,362.08,363.5,364.48,365.15,1.0015,0.044322
1,63.913,324.66,324.84,325.02,325.14,333.72,345.66,362.77,363.71,364.51,365.26,0.9896,0.032686
1,63.913,325.01,324.6,324.41,325.22,332.49,344.95,362.72,363.66,364.43,365.34,0.99179,0.035185
1,63.913,324.51,324.62,324.59,324.42,334.3,345.21,362.14,363.61,364.41,365.31,0.9923,0.036003
1,63.913,324.66,324.66,324.87,324.28,333.26,344.74,362.54,363.79,364.54,365.18,0.99064,0.034652
1,63.913,324.38,324.52,324.55,325.59,335.69,345.52,362.29,363.29,364.58,365.24,0.99601,0.040326
1,63.913,324.44,324.41,324.79,325.2,335.82,345.05,362.25,363.23,364.58,365.31,0.98999,0.03461
1,63.913,324.65,324.59,324.41,326.01,334.93,345.31,362.36,363.54,364.61,365.16,1.0048,0.049757
1,63.913,324.5,324.77,324.67,324.64,333.36,344.92,362.22,363.52,364.41,365.36,1.0002,0.045407
1,63.913,324.63,324.74,325.1,325.52,334.75,344.7,362.12,363.34,364.35,365.24,1.0072,0.052666
1,63.913,324.55,324.92,325.04,324.51,332.69,345.34,361.88,363.44,364.24,365.11,0.99188,0.037675
1,63.913,324.64,324.38,325.23,326.57,332.81,345.19,361.83,363.18,364.51,365.25,0.99365,0.039725
1,63.913,324.55,324.33,324.08,324.81,333.54,344.87,362.03,363.39,364.56,365.3,0.99009,0.036449
1,63.913,324.45,324.31,325,325.55,333.26,345.3,362.39,363.27,364.46,365.12,0.99337,0.040002
1,63.913,324.61,325.02,324.94,325.46,335.48,345.19,361.95,363.51,364.31,365.17,0.98589,0.032795
1,63.913,324.54,324.37,325.29,325.58,331.89,345.47,362.46,363.18,364.45,365.14,0.99866,0.045826
1,63.913,324.72,324.57,325.08,326.15,333.76,345.01,361.9,363.11,363.95,365.15,0.99945,0.04688
1,63.913,324.38,324.78,325.36,324.7,331.78,344.39,361.83,363.36,364.14,365.26,0.99976,0.04745
1,63.913,324.71,324.64,324.4,325.75,332.32,344.94,362.08,363.24,364.26,365.27,1.0045,0.052393
1,61.407,324.54,325.13,325.39,324.44,335.31,344.94,361.91,363.04,364.3,365.14,0.99237,0.040566
1,61.407,324.78,324.52,324.14,325.22,334.38,344.67,361.62,363.31,364.04,364.98,0.99805,0.046431
1,61.407,324.62,324.83,324.76,323.7,334.23,344.69,361.73,363.09,364.17,365.12,0.9903,0.038136
1,61.407,324.51,324.63,324.36,324.96,336.02,345.55,362.07,363.35,364.46,365.3,0.99638,0.043429
1,61.407,324.51,325.15,324.67,324.95,335.49,345.62,362.46,363.37,364.28,365.07,0.99866,0.044915
1,61.407,324.5,324.54,324.65,325.72,332.88,344.97,362.83,363.33,364.45,365.23,0.99729,0.042746
1,61.407,324.68,324.86,325.01,325.9,333.8,346.18,362.22,363.79,364.52,365.28,0.98921,0.033862
1,61.407,324.49,324.99,325.2,325.64,335.15,345.88,362.48,363.87,364.55,365.33,0.99525,0.0391
1,61.407,324.76,325.19,324.88,325.4,336.63,346.36,362.58,363.65,364.68,365.35,1.0044,0.047442
1,61.407,324.51,324.87,324.5,325.42,337.74,345.57,362.98,363.75,364.83,365.17,0.99468,0.036955
1,61.407,324.53,324.61,324.96,325.87,336.41,345.85,363.01,363.98,364.77,365.38,0.99781,0.039335
1,61.407,324.63,324.77,325.6,325.13,337.18,347.01,363.03,364.12,364.53,365.35,0.99434,0.035142
1,61.407,324.55,324.91,325.67,326.15,336.43,346.77,363.31,363.96,364.85,365.53,0.99198,0.032094
1,61.407,324.59,325.1,325.39,325.59,336.85,347.43,362.91,364.07,364.78,365.54,0.98502,0.024483
1,61.407,324.62,325.09,325.88,325.33,339.37,347.29,363.03,364.23,364.99,365.46,0.99511,0.033964
1,61.407,324.65,325.05,325.2,325.9,338.6,346.65,363.1,364.36,364.97,365.67,0.98423,0.022517
1,61.407,324.62,324.93,326.02,325.58,339.55,347.42,363.46,364.37,365.11,365.6,0.98715,0.024917
1,61.407,324.9,325.14,325.2,327.08,341.53,348.1,363.93,364.55,364.98,365.67,0.98751,0.024798
1,61.407,324.66,325.3,325.37,326.51,339.22,347.36,363.67,364.75,365.35,365.68,0.97961,0.016475
1,61.407,324.64,325.22,325.86,326.94,341.13,348.1,363.66,364.89,365.14,365.74,0.99824,0.034725
1,61.407,324.66,325.54,326.12,325.7,339.42,347.96,364.39,364.57,365.42,365.6,0.98688,0.02303
1,61.407,324.57,325.33,326.09,327.56,340.69,348.09,364.13,364.67,365.41,365.71,0.97836,0.014222
1,61.407,324.99,325.61,326.21,326.41,339.66,349.01,363.98,365.04,365.39,365.86,0.98547,0.021095
1,61.407,324.63,325.15,325.98,327.23,339.11,347.19,364.19,364.94,365.43,365.8,0.98811,0.02354
1,61.407,324.92,325.65,325.55,326.72,338.41,347.8,364.43,364.86,365.38,365.81,0.99231,0.027606
1,61.407,324.76,325.69,326.6,327.8,341.21,347.97,364.15,364.96,365.59,365.92,0.97509,0.0103
1,61.407,325.16,325.61,326.44,327.43,340.2,348.54,364.24,365.35,365.3,365.87,0.99258,0.027745
1,61.407,324.83,325.57,326.48,326.95,339.82,348.32,364.16,364.88,365.36,365.9,0.98432,0.019489
1,61.407,324.81,325.11,326.59,327.9,341.6,348.55,364.75,364.87,365.44,365.82,0.98868,0.023895
1,61.407,324.99,325.61,326.71,327.08,340.85,349.11,364.37,365.25,365.69,365.87,0.98855,0.023867
1,61.407,324.84,325.53,325.62,328.41,340.49,348.37,364.34,365.22,365.75,365.89,0.99038,0.025841
1,61.407,325.04,325.81,326.67,326.51,342.67,348.57,364.69,365.52,365.71,366.04,0.98395,0.019608
1,61.407,324.9,325.52,326.13,327.52,342.31,349.13,364.42,365.28,365.69,366.05,0.97724,0.013122
1,61.407,325.03,326,327.21,327.9,342.02,349.16,364.89,365.38,365.67,366.11,0.98969,0.025842
1,61.407,325.09,325.45,326.5,327.93,342.8,350.38,364.68,365.31,365.75,366.08,0.98001,0.016475
1,61.407,325.01,325.91,327.2,329.03,342.06,349.71,365.54,365.45,365.62,366.11,0.98197,0.018797
1,61.407,325.13,325.88,326.15,328.23,342.05,349.83,364.8,365.27,365.82,366.07,0.97528,0.012505
1,61.407,324.96,325.92,326.39,327.9,343.24,349.75,364.82,365.4,365.69,366.13,0.97252,0.010175
1,61.407,325.15,325.97,326.79,328.5,342.77,348.5,364.96,364.99,365.88,366.32,0.97761,0.015733
1,61.407,325.17,326.28,327.06,328.94,343.7,349.32,365.2,365.54,366.15,366.09,0.9681,0.0067246
1,61.407,325.12,326.12,326.53,328.61,342.06,349.22,364.65,365.46,365.75,366.05,0.98081,0.019979
1,61.407,325.28,326.23,326.97,328.28,343.79,349.43,365.1,365.5,365.87,366.06,0.96784,0.0075716
1,61.407,325.34,325.66,327.52,328.87,342.19,350.42,365.4,365.44,365.94,366.12,0.97319,0.013522
1,61.407,325.28,326.19,327.2,329.17,344.78,350.19,364.84,365.71,366.02,366.14,0.97822,0.019173
1,61.407,325.5,326.63,327.36,328.33,342.49,350.37,365.09,365.38,365.82,366.32,0.97512,0.01673
1,61.407,325.48,326.08,327.16,329.27,344.79,349.64,365.22,365.74,365.72,366.11,0.96607,0.0083507
1,61.407,325.33,326.63,327.91,328.45,343.32,350.58,365.13,365.66,365.93,366.2,0.97329,0.016265
1,61.407,325.51,326.37,327.84,330.09,343.23,350.54,365.13,365.73,365.73,366.2,0.96962,0.013315
1,61.407,325.31,326.1,328.55,330.52,343.3,350.5,365.3,365.75,365.95,366.34,0.95973,0.0041532
1,61.407,325.61,326.29,328.07,329.22,344.64,351.05,365.22,365.44,365.91,366.48,0.95371,-0.0011103
1,61.407,325.56,326.61,328.63,329.16,344.23,350.18,365.46,365.44,366.08,366.19,0.95962,0.0055656
1,61.407,325.49,326.61,328.71,330.3,343.76,350.46,365.3,365.67,365.92,366.22,0.97196,0.018677
1,61.407,325.56,326.95,327.99,329.48,345.1,350.11,365.49,365.6,365.96,366.13,0.96429,0.011789
1,61.407,325.59,326.51,328.77,330.29,344.97,351.01,365.64,365.53,366.06,366.4,0.96378,0.012068
1,61.407,325.61,326.88,328.08,329.4,343.48,351.32,365.2,365.89,366.01,366.26,0.95692,0.0060055
1,61.407,325.42,326.89,328.02,329.99,346.42,350.54,365.68,365.59,366.03,366.21,0.96524,0.015131
1,61.407,325.56,326.96,328.21,329.92,343.27,350.89,365.09,365.78,365.93,366.28,0.95729,0.0079863
1,61.407,325.59,327.41,328.98,330.2,344.97,350.99,364.98,365.41,365.8,366.16,0.96063,0.012135
1,61.407,325.74,326.93,328.66,329.47,344.52,350.22,365.3,365.73,366.26,366.17,0.95937,0.01168
1,61.407,325.85,326.9,328.52,330.52,345.79,351.58,365.07,365.99,365.83,366.17,0.94891,0.0020228
1,61.407,325.77,327.19,328.65,331.28,345.36,350,365.64,365.69,366.01,366.41,0.96792,0.021834
1,61.407,325.93,326.98,329.09,331.79,345.72,351.31,365.39,366.08,366.04,366.32,0.95489,0.0095905
1,61.407,325.71,327.32,329.2,330.34,347.2,351.13,365.32,365.77,366.14,366.27,0.96172,0.017209
1,61.407,325.78,327.49,329.1,331.93,345.26,351.68,365.56,365.78,366.05,366.34,0.95863,0.014898
1,61.407,325.57,326.84,328.94,330.94,343.7,350.74,365.69,366.03,366,366.27,0.94936,0.006397
1,61.407,326.03,327.53,328.76,330.4,346.16,350.95,365.55,365.95,366.01,366.46,0.95046,0.0082541
1,61.407,325.74,327.72,328.44,331.3,345.21,351.04,365.55,365.94,365.95,366.39,0.94941,0.0079525
1,61.407,326.1,327.37,328.8,331.2,344.88,351.01,365.54,365.82,365.99,366.3,0.95105,0.01032
1,61.407,325.75,327.86,329.56,331.89,346.46,350.92,365.42,366,366.1,366.2,0.9501,0.010092
1,61.407,326.19,327.26,329.08,331.08,345.52,350.42,365.38,365.87,366.19,366.34,0.95135,0.012048
1,61.407,326.05,326.98,330.19,331.87,344.72,351.08,365.2,365.96,366,366.16,0.95631,0.017703
1,61.407,326.06,327.64,329.22,331.2,344.71,351.04,365.06,365.84,366.11,366.16,0.94553,0.0076056
1,61.407,326.06,327.67,329.36,331.77,347.08,351.41,365.43,366.07,366.32,366.25,0.94653,0.0092671
1,61.407,326.06,327.18,328.6,331.85,346.36,351.14,365.59,365.76,365.74,366.3,0.95036,0.013738
1,61.407,326.05,328.21,330.27,332.36,345.73,350.55,365.14,365.82,366.14,366.23,0.94159,0.0056081
1,61.407,326.41,327.78,328.95,331.83,346.67,350.82,365.72,365.69,366.14,366.42,0.94746,0.012094
1,61.407,326.42,327.72,330.07,331.89,344.76,351.18,365.13,365.84,365.99,366.41,0.9392,0.004428
1,61.407,325.81,327.65,329.31,332.29,346.05,351.47,365.47,366.04,366.28,366.37,0.9371,0.0029115
1,61.407,326.17,327.7,329.11,332.09,346.58,350.52,365.1,365.88,365.93,366.34,0.9463,0.012679
1,61.407,326.26,327.93,329.71,332.66,346.71,351.61,365.64,365.81,366.23,366.21,0.94465,0.011579
1,61.407,326.22,327.99,330.12,332.34,346.98,350.79,365.26,366.17,366.2,366.33,0.94954,0.017014
1,61.407,326.11,328.48,329.36,333.22,346.07,351.21,365.37,365.74,366,366.31,0.94593,0.01392
1,61.407,326.21,327.89,329.33,331.03,346.57,350.55,365.51,365.74,366.23,366.36,0.93999,0.0084746
1,61.407,326.39,327.96,329.35,332.86,346.73,350.23,365.11,365.86,366.12,366.37,0.94041,0.0093861
1,61.407,326.24,327.67,330.14,332.18,348.06,351.37,365.49,366.1,365.89,366.28,0.94179,0.011238
1,61.407,326.21,328.52,330.38,332.53,346.34,351.8,365.18,365.74,365.96,366.31,0.94166,0.011561
1,61.407,326.27,327.66,329.89,333.31,345.4,351.94,365.66,365.76,366.05,366.35,0.94787,0.018217
1,61.407,326.51,327.95,330.26,333.33,347.61,350.27,365.81,365.71,365.9,366.44,0.94307,0.013837
1,61.407,326.27,327.97,329.94,333.01,344.99,351.29,365.37,365.98,365.95,366.3,0.94344,0.014615
1,62.66,326.32,327.8,329.86,331.76,346.72,351.74,365.78,366.02,366.11,366.37,0.94571,0.017255
1,62.66,326.42,328.06,329.11,332.78,344.88,350.82,365.7,366.11,366.12,366.28,0.94594,0.017455
1,62.66,326.52,327.93,330.21,332.39,347.74,351.72,365.75,365.92,366.08,366.25,0.9363,0.0075526
1,62.66,326.51,328.27,329.79,331.6,344.94,350.3,365.44,365.81,366.29,366.4,0.94482,0.015628
1,62.66,326.11,327.59,330.11,331.64,347.24,350.69,365.59,365.52,366.12,366.2,0.9397,0.0099529
1,62.66,326.45,327.49,329.52,332.13,344.93,350.48,365.46,366.13,366.23,366.11,0.94301,0.012609
1,62.66,326.43,328.15,329.27,330.83,345.88,350.62,365.5,366.08,366.04,366.37,0.94469,0.013567
1,62.66,326.31,327.81,329.07,331.44,346.5,350.83,365.78,366.03,365.92,366.17,0.93637,0.0044727
1,62.66,326.21,327.67,330.01,332.47,346.03,350.64,365.43,365.97,366.08,366.37,0.9389,0.006203
1,62.66,326.24,327.2,329.93,330.99,344.93,350.19,365.42,365.68,365.8,366.29,0.93568,0.0021741
1,62.66,326.38,327.39,329.26,332.18,345.21,351.1,365.99,366.01,365.74,366.35,0.95023,0.015904
1,62.66,326.11,327.35,328.47,331.35,345.17,350.5,365.2,365.58,365.92,366.35,0.94221,0.0070541
1,62.66,326.08,327.41,329.03,331.22,345.75,351.03,365.58,365.88,366.06,366.33,0.94342,0.0074334
1,62.66,325.86,327.37,329.32,330.71,344.61,350.35,365.35,365.74,366.12,366.3,0.94959,0.012764
1,62.66,326.17,327.13,329,330.14,342.64,350.2,364.86,365.79,366.07,366.29,0.94966,0.012013
1,62.66,326.01,327.15,329.52,331.04,344.86,350.55,364.96,365.62,366.13,366.25,0.94625,0.0077927
1,62.66,326.1,327.41,328.51,330.8,345.62,349.92,365.6,365.66,365.91,366.17,0.96004,0.020783
1,62.66,326.16,326.83,328.54,330.52,344.06,350.22,364.69,365.94,365.96,366.21,0.95764,0.017599
1,62.66,325.73,326.92,327.43,330.37,343.2,350.21,364.86,365.31,365.98,366.23,0.95743,0.016622
1,62.66,325.9,327.26,329.14,330.05,344.65,350.29,364.96,365.56,366.03,366.13,0.95513,0.013572
1,62.66,325.94,326.94,329.38,330.12,343.24,350.32,365.08,365.48,365.88,366.22,0.95457,0.012282
1,62.66,325.94,326.85,328.94,329.8,345.41,349.87,365.02,365.65,366.03,366.12,0.9461,0.0031065
1,62.66,325.87,326.29,328.42,330.48,347.28,350.99,365.02,365.6,366,366.35,0.96347,0.019786
1,62.66,325.76,326.54,328.73,330.7,344.82,350.28,365.22,365.52,365.87,366.17,0.95479,0.010431
1,62.66,325.56,326.56,328.27,329.73,343.9,350.35,365.65,365.32,365.9,366.17,0.96132,0.01631
1,62.66,325.73,326.55,327.82,330.38,344.58,349.15,365.56,365.58,366.2,366.23,0.95288,0.0072376
1,62.66,325.64,326.88,327.88,329.6,343.61,351.26,365.06,365.52,365.92,366.12,0.95813,0.011878
1,62.66,325.68,326.75,327.62,329.32,344.19,350.33,364.99,365.53,365.93,366.2,0.95755,0.010709
1,62.66,325.8,326.45,328.08,329.28,344.03,349.99,365.46,365.23,365.96,366.23,0.95767,0.010256
1,62.66,325.6,326.76,327.56,329.34,345.23,349.31,365.48,366,365.99,366.17,0.96282,0.014851
1,62.66,325.64,326.75,327.59,329.93,344.4,349.57,365.42,365.54,365.88,366.27,0.96453,0.016017
1,62.66,325.78,326.11,327.85,328.91,343.77,349.79,365.19,365.72,365.99,366.17,0.96045,0.011423
1,62.66,325.75,325.9,328.08,329.28,344.61,349.7,365.44,365.16,366.02,366.22,0.95829,0.0087664
1,62.66,325.7,326.24,327.23,329.7,344.34,349.51,365.24,365.63,366.05,366.25,0.9631,0.013092
1,62.66,325.69,326.37,328.02,329.4,345.06,350.24,365.01,365.6,366.09,366.2,0.96466,0.014183
1,62.66,325.35,326.6,327.2,329.2,343.26,348.71,365.18,365.49,365.89,366.27,0.96225,0.011326
1,62.66,325.77,326.92,328.04,328.69,343.78,349.55,364.88,365.23,365.8,366.17,0.97048,0.019125
1,62.66,325.6,326.33,328.26,329.25,341.63,349.88,364.73,365.56,365.82,366.26,0.96531,0.013531
1,62.66,325.61,326.35,328.9,327.81,343.49,349.15,365.07,365.88,365.86,366.16,0.97255,0.020368
1,62.66,325.52,326.5,327.28,327.81,343.3,350.44,365.05,365.61,366.03,366.21,0.95708,0.0045064
1,62.66,325.59,326.66,328.19,330.05,343.97,349.82,365.05,365.33,365.98,366.21,0.96312,0.010174
1,62.66,325.25,326.46,327.96,329.03,343.38,350.04,365.04,365.22,366.19,366.1,0.97107,0.017756
1,62.66,325.63,326.01,327.8,329.14,342.78,349.41,365.18,365.43,365.91,366.36,0.96089,0.0072305
1,62.66,325.38,326.61,327.54,327.97,343.11,349.02,364.9,365.82,365.67,366.18,0.96833,0.014331
1,62.66,325.43,326.51,327.64,328.48,344.22,350.26,365.04,365.4,365.73,366.11,0.97278,0.018453
1,62.66,325.31,326.46,327.45,330.58,342.82,350.27,365.3,365.48,365.71,366.14,0.9591,0.0044585
1,62.66,325.47,326.09,328.07,329.13,343.42,349.17,365.02,365.5,365.73,366.12,0.97565,0.020701
1,62.66,325.48,326.39,326.62,329.09,343.74,350.31,365.07,365.64,365.83,366.21,0.96937,0.014134
1,62.66,325.42,325.93,326.37,329.05,344.27,349.61,364.58,365.44,365.72,366.28,0.96035,0.0048323
1,62.66,325.48,326.03,327.85,328.44,344.5,350.5,365.1,365.75,365.66,366.19,0.97176,0.015967
1,62.66,325.27,325.99,326.77,328.86,343.05,350.51,364.88,365.48,365.9,366.11,0.96545,0.0093931
1,62.66,325.25,325.81,327.65,328.93,344.88,349.93,365.01,365.55,365.97,366.16,0.96191,0.0056053
1,62.66,325.27,325.96,327.92,329.07,342.81,349.51,365.2,365.24,365.95,366.15,0.96332,0.006765
1,62.66,325.38,325.8,326.96,327.86,342.37,350.01,364.42,365.48,365.8,365.94,0.97968,0.022884
1,62.66,325.1,325.94,327.09,328.29,342.75,350.16,365.42,365.55,365.88,366.29,0.96744,0.010423
1,62.66,325.53,326.57,326.89,329.03,340.57,349.64,365.21,365.5,366.11,366.14,0.9751,0.017855
1,62.66,325.16,326,326.86,329.55,342.22,350.36,364.93,365.66,365.96,366.18,0.97678,0.019322
1,62.66,325.32,325.82,327.06,329.07,341.89,348.83,364.78,365.65,365.87,366.14,0.96415,0.0064849
1,62.66,325.46,326.25,327.97,327.83,340.9,349.85,364.81,365.85,365.95,366.1,0.96602,0.0081537
1,62.66,325.11,325.98,326.78,329.53,344.6,349.34,365.3,365.5,365.84,366.22,0.9602,0.0021454
1,62.66,324.97,325.72,327.23,329.13,342.46,349.59,365.06,365.49,365.87,366.12,0.97223,0.013988
1,62.66,325.15,325.93,327.1,328.09,343,349.92,364.95,365.46,365.99,366.25,0.9743,0.015879
1,62.66,325.25,326.15,327.11,328.73,342.99,350.2,364.86,365.61,365.92,366.28,0.97313,0.014538
1,62.66,325.47,325.89,326.64,328.09,344.55,349.23,364.39,365.44,365.87,366,0.9693,0.010537
1,62.66,325.41,326.23,327.23,328.83,342.35,349.81,365.38,365.4,365.77,366.19,0.96679,0.007867
1,62.66,325.41,326.32,327.78,328.81,342.53,349.4,364.98,365.47,365.79,366.17,0.97854,0.019462
1,62.66,324.98,325.67,327.65,327.34,343.46,349.59,365.12,365.61,365.84,366.01,0.96959,0.010355
1,62.66,325.24,325.72,326.73,327.81,342.52,348.82,365.22,365.46,365.78,366.22,0.97249,0.013113
1,62.66,325.21,325.57,326.73,327.99,343.64,349.92,365.19,365.47,365.65,366.22,0.96958,0.010061
1,62.66,325.31,325.84,326.36,327.65,342.24,349.29,364.77,365.63,365.82,366.2,0.96935,0.00969
1,62.66,325.52,325.75,326.59,328.74,340.88,349.89,364.85,365.47,366.17,366.22,0.97235,0.012561
1,62.66,325.29,326.29,326.39,327.44,341.93,349.21,364.84,365.65,365.96,366.1,0.96981,0.0098914
1,62.66,325.26,325.86,327.48,327.3,343.97,349.33,365.14,365.23,365.8,366.01,0.96969,0.0096464
1,62.66,325.33,326.3,327.08,328.75,343.67,349.45,364.93,365.8,365.81,366.11,0.97324,0.013078
1,62.66,325.13,326.21,327.36,327.83,340.88,350.32,364.62,365.73,365.63,366.22,0.97088,0.010601
1,62.66,325.24,326.28,326.97,327.33,342.44,349.11,365.04,365.54,365.97,366.27,0.9767,0.016298
1,62.66,325.1,325.74,326.8,328.49,340.55,349.1,364.79,365.73,365.9,366.13,0.9706,0.0101
1,62.66,325.27,325.86,326.33,327.65,341.46,349.76,364.84,365.53,365.96,366.25,0.97209,0.011477
1,62.66,325.22,325.8,326.46,328.34,343.32,348.47,364.56,365.71,366.09,366.25,0.97574,0.015029
1,62.66,325.06,326.08,326.68,327.96,342.13,349.68,365.16,365.3,365.89,366.06,0.97199,0.011179
1,62.66,325.06,325.86,326.43,327.81,342.98,348.85,365.03,365.66,365.81,366.21,0.97698,0.015986
1,62.66,325.02,325.82,326.5,328.78,341.46,349.64,364.97,365.4,365.99,366.21,0.96894,0.0077843
1,62.66,325.03,325.92,326.84,328.23,342.93,350.27,364.74,365.71,365.62,366.26,0.97032,0.0090913
1,62.66,324.89,325.15,326.21,326.65,338.8,348.43,364.47,365.39,365.6,366.03,0.98555,0.018384
1,62.66,324.92,325.53,325.95,326.11,341.08,348.92,364.8,365,365.55,365.91,0.9781,0.010961
1,62.66,324.72,325.49,325.69,327.31,340.92,348.45,364.38,365.07,365.61,366.01,0.98513,0.018025
1,62.66,325.02,325.64,326.2,326.29,341.34,347.89,364.68,365.52,365.8,366.03,0.98316,0.016084
1,62.66,324.86,325.34,326.64,327.38,340.03,348.02,364.66,365.35,365.8,365.97,0.97925,0.012206
1,62.66,325.22,325.18,326.89,326.86,339.69,348.24,364.45,365.06,365.75,366.11,0.98501,0.017999
1,62.66,325.02,325.99,326.46,327.37,341.28,347.86,364.63,365.12,365.76,366.06,0.97489,0.0079152
1,62.66,324.9,325.72,326.1,325.58,342.4,347.73,364.19,365.38,365.95,366.06,0.98851,0.021563
1,62.66,324.83,325.5,325.22,326.45,341.32,348.94,364.7,365.29,365.52,366.17,0.988,0.021083
1,62.66,324.93,325.8,325.53,326.88,340.63,349.31,365.27,365.22,365.68,366.09,0.98415,0.017268
1,62.66,325.19,325.81,324.9,327.3,341,348.38,364.7,365.05,365.75,366.09,0.98154,0.014694
1,62.66,324.82,325.58,325.58,328.23,339.98,349.03,364.68,365.28,365.67,366.08,0.98468,0.017867
1,62.66,324.83,325.47,325.52,326.75,340.72,347.95,364.79,365.29,365.76,366.13,0.977,0.010209
1,62.66,324.77,325.47,326.19,326.94,339.75,349.44,365.02,365.22,365.45,366.09,0.97448,0.0077234
1,62.66,324.73,325.55,326.51,326.43,340.37,349.22,364.54,365.02,365.97,366.1,0.98675,0.020022
1,62.66,324.83,325.48,326.34,328.2,342.62,348.98,364.92,365.32,366.06,366.03,0.98631,0.019615
1,62.66,325.17,325.88,326.21,326.22,341.92,349.05,364.69,365.42,365.79,366.13,0.98194,0.015279
1,62.66,324.91,325.85,326.43,327.05,341.21,349.22,364.51,365.01,365.62,365.97,0.98055,0.013921
1,62.66,324.99,325.85,326.61,326.25,339.82,348.24,364.81,365.3,365.67,366.18,0.97967,0.013071
1,62.66,325.4,325.67,325.8,327.43,343.01,348.14,364.88,365.47,365.79,366.1,0.98338,0.016815
1,62.66,324.7,325.28,326.13,326.84,340.8,348.61,364.77,365.25,365.8,366.07,0.98202,0.015485
1,62.66,324.92,325.51,325.95,325.99,341.21,348.56,364.44,365.09,365.7,366.14,0.98221,0.015705
1,62.66,325.24,325.36,325.15,327.49,341.58,349,364.88,365.21,365.72,366.15,0.98382,0.017347
1,62.66,325,325.49,326.48,326.48,340.02,348.78,364.53,365.28,365.75,365.94,0.98469,0.018244
1,62.66,325.05,325.24,326.59,328,341.95,348.32,365.08,365.04,365.79,366.02,0.98049,0.014072
1,62.66,324.95,325.72,325.64,327.63,340.25,348.59,364.75,365.16,365.64,366.07,0.98906,0.022677
1,62.66,324.91,325.59,326.12,328.23,341.84,349.06,364.48,365.46,365.69,366.19,0.97473,0.008374
1,62.66,325.03,325.52,326.56,327.28,342.16,349.65,364.37,365.49,365.67,366.18,0.99182,0.025497
1,62.66,324.83,325.09,326.48,326.72,340.75,349.06,364.86,365.32,365.87,366.13,0.97639,0.010091
1,62.66,324.83,325.14,326.88,327.32,341.49,348.88,364.45,364.83,365.7,366.14,0.98105,0.014781
1,62.66,324.74,325.44,325.6,327.11,338.62,348.98,364.79,365.3,365.85,366.06,0.98838,0.022143
1,62.66,325.14,325.42,326.49,326.62,339.63,347.78,364.11,365.18,365.79,365.96,0.98015,0.013944
1,62.66,325.17,325.9,325.6,327.6,339.15,348.63,364.53,365.31,365.56,366.06,0.98284,0.016659
1,62.66,325.07,325.57,326.96,326.84,339,348.9,365.07,365.41,365.67,366.01,0.97967,0.013516
1,62.66,325.05,326.02,327.03,327.84,341.97,348.89,364.55,365.16,365.67,366.09,0.99269,0.026568
1,62.66,325.03,325.62,325.74,326.79,342.32,349.91,364.9,365.56,365.89,366.05,0.97927,0.013175
1,62.66,324.95,325.34,326.99,326.64,340.52,348.24,365.18,365.38,365.62,366.24,0.97577,0.0097005
1,62.66,325,325.8,326.36,327.88,339.56,349.21,364.72,365.39,365.49,366.24,0.98963,0.023589
1,62.66,324.92,325.53,326.34,326.04,340.53,349.01,365.16,365.65,365.77,366.12,0.97536,0.0093466
1,62.66,324.78,325.53,326.49,326.42,340.96,347.99,364.37,365.24,365.61,365.94,0.98236,0.01637
1,62.66,325.12,325.77,326.27,326.92,341.04,349.33,364.58,365.26,365.77,366.07,0.98476,0.018798
1,62.66,325.11,325.42,326.53,327.34,343.28,349.28,365.15,365.13,365.62,366.17,0.9804,0.014459
1,62.66,324.92,325.73,327.04,327.81,340.83,348.36,364.87,365.2,365.66,366.09,0.98037,0.014461
1,62.66,324.98,325.34,326.36,326.98,340.65,349.12,364.71,364.86,365.74,366.16,0.98523,0.019343
1,62.66,325.01,325.59,325.97,328.03,341.98,349.74,364.56,365.21,365.69,366.25,0.98801,0.022141
1,62.66,324.93,325.58,326.05,327.26,339.93,348.76,365.08,365.36,365.64,366.11,0.9884,0.022559
1,62.66,325.08,325.21,326.02,327.51,340.07,349.37,364.78,365.34,365.79,366.02,0.98375,0.017933
1,62.66,324.72,325.77,326.34,326.73,340.66,349.46,365.05,365.63,365.8,366.11,0.98394,0.018146
1,62.66,325.07,325.52,326.4,327.4,342.02,348.21,364.7,365.37,365.66,366.12,0.99042,0.024646
1,62.66,325.19,325.33,326.48,328.39,339.45,348.81,364.66,365.25,365.82,366.1,0.97859,0.012844
1,62.66,324.95,325.5,326.12,327.56,341.8,349.46,364.59,365.08,365.73,366.19,0.98422,0.018493
1,62.66,324.86,325.65,326.15,326.92,340.84,349.87,364.97,365.41,365.8,366.03,0.98967,0.02397
1,62.66,324.92,326.11,326.75,327.66,340.59,348.22,364.7,365.08,365.72,366.11,0.97635,0.01067
1,62.66,324.93,325.27,325.94,327.59,341.69,348.91,364.84,365.39,365.74,366,0.98185,0.016187
1,62.66,325.11,325.77,326.06,327.27,340.76,349.12,364.83,364.99,365.82,366.12,0.97715,0.011508
1,62.66,324.93,325.43,326.09,328.05,343.21,348.67,364.9,365.45,365.76,366.1,0.98639,0.020768
1,62.66,325.17,325.12,326.82,326.68,341.07,349.63,364.81,365.21,365.78,365.99,0.97932,0.013721
1,62.66,324.89,325.52,326.22,327.13,340.62,349.07,364.95,365.61,365.81,366.12,0.97349,0.0079203
1,62.66,325.05,325.92,326.82,327.35,342.79,349.71,364.73,365.54,365.72,366.14,0.98751,0.021955
1,62.66,324.81,325.67,325.76,327.28,340.36,348.68,364.51,365.17,365.82,366.24,0.98817,0.022638
1,62.66,325.02,325.67,325.62,327.85,341.24,349.46,364.98,365.39,366.04,366.19,0.98062,0.015103
1,62.66,325.14,325.45,326.63,327.36,338.6,348.89,364.43,365.27,365.69,366.09,0.98191,0.016411
1,62.66,324.88,325.89,325.91,327.69,340.91,348.75,364.47,365.23,365.53,366.07,0.97651,0.011028
1,62.66,325.09,325.26,326.25,327.12,340.62,349.12,364.87,365.31,365.73,366.04,0.98742,0.021959
1,62.66,325.06,325.6,326.17,326.87,341.88,348.97,364.83,365.24,365.67,366.11,0.98466,0.019224
1,62.66,325.01,325.65,326.36,327.26,340.77,349.16,365.09,365.37,365.76,366.01,0.98093,0.015508
1,62.66,325.02,326.01,326.23,326.86,340.54,348.69,364.68,365.33,365.8,366.23,0.97498,0.0095791
1,62.66,325.16,325.41,326.43,326.87,341.89,348.93,365.13,365.5,365.62,366.18,0.97531,0.0099266
1,62.66,324.92,325.5,325.97,327.29,339.6,349.79,364.54,365.18,365.67,366.13,0.98577,0.020397
1,62.66,325.08,325.53,326.53,328.02,341.36,348.34,364.8,365.44,365.58,366.2,0.98001,0.01466
1,62.66,324.83,325.28,326.43,327.48,340.92,349.53,364.72,365.6,365.8,365.99,0.98256,0.017228
1,62.66,324.92,325.46,325.56,327.85,342.41,349.19,364.69,365.3,365.84,366.19,0.98169,0.016371
1,62.66,324.93,325.4,326.46,326.31,340.94,350.12,364.84,365.2,365.72,366.02,0.98113,0.01583
1,62.66,324.96,325.02,326.85,327.93,340.25,350.02,365.01,365.47,365.88,366.14,0.9807,0.015417
1,62.66,324.93,325.51,326.33,326.74,340.87,348.61,364.87,365.47,365.75,365.97,0.9787,0.013432
1,62.66,325.14,325.6,326.28,326.98,342.65,349.93,364.76,365.08,365.64,366.1,0.98435,0.019092
1,62.66,325.02,325.87,325.64,327.88,341.66,348.83,365.16,365.52,365.78,366.16,0.9703,0.0050594
1,62.66,324.97,325.57,326.47,327.92,342.66,348.71,365.04,365.53,365.58,366.17,0.97892,0.013697
1,62.66,324.99,325.33,326.18,327.69,340,348.43,364.37,365.59,365.96,365.95,0.98429,0.019083
1,62.66,325.03,325.48,326.44,328.7,341.2,348.75,364.7,365.29,365.8,366.33,0.9744,0.0092058
1,62.66,324.82,325.56,325.67,327.42,340.87,348.76,364.74,365.2,365.75,365.97,0.97849,0.013305
1,62.66,325.06,325.44,326.38,326.07,341.37,349.08,364.97,365.02,365.77,365.92,0.98376,0.018586
1,62.66,325.06,325.54,325.79,326.31,341.95,349.11,365.11,365.35,365.49,366.14,0.99377,0.028613
1,62.66,325.04,325.33,326.26,326.93,341.39,349.14,364.88,365.4,365.75,366.1,0.98539,0.020249
1,62.66,324.98,326.02,326.73,327.65,341.83,348.75,364.74,365.25,365.92,366.05,0.97912,0.013993
1,62.66,325.02,325.33,326.25,326.9,342.15,349.27,365.02,365.55,365.74,366.19,0.9851,0.01998
1,62.66,324.81,325.23,326.51,326.72,340.71,348.49,364.93,365.26,365.87,366.24,0.97344,0.0083372
1,62.66,325.03,325.48,325.83,327.46,341.82,349.97,365.01,365.04,365.71,365.96,0.98226,0.01717
1,62.66,324.94,325.62,326.35,327.39,341.44,349.15,365.11,365.65,365.76,365.97,0.9875,0.022424
1,62.66,324.94,325.49,326.58,327.68,341.35,348.86,364.93,365.48,365.84,366.15,0.97922,0.014152
1,62.66,324.99,325.57,325.86,328.07,342.18,349.18,364.79,365.15,365.7,366.08,0.9803,0.015247
1,62.66,325,325.61,325.88,326.55,341.41,349,364.85,365.59,365.88,366.08,0.97683,0.011782
1,62.66,325.08,324.88,326.73,326.19,341.63,348.96,364.48,365.19,365.72,366.14,0.98071,0.01568
1,62.66,324.89,325.34,326.67,328.35,342.66,349.84,364.76,365.42,365.66,366.18,0.98143,0.016411
1,62.66,325.09,325.3,326.12,326.93,342,350.25,364.85,365.36,365.65,366.12,0.97678,0.011776
1,62.66,325.14,325.79,326.65,327.45,341.29,349.22,364.9,365.14,365.65,366.17,0.9758,0.010802
1,62.66,325.01,325.91,326.56,328.63,341.03,349.33,364.82,365.6,365.84,366.29,0.97288,0.0078957
0.98,62.66,324.81,325.8,325.93,327.81,341.96,349.39,364.85,365.19,365.49,365.89,0.97077,0.0058007
0.98,62.66,325.05,325.45,326.06,327.19,341.09,347.8,364.86,365.34,366.05,366.01,0.9796,0.014515
0.98,62.66,324.94,325.36,326.19,327.61,342.56,349.56,364.65,365.24,365.66,366.17,0.9793,0.014022
0.98,62.66,325.12,325.89,326.43,326.76,342.54,349.84,364.59,365.12,365.75,366.05,0.98094,0.015482
0.98,62.66,325,325.52,326.85,327.61,340.87,349.67,365.03,365.69,365.47,366.12,0.98005,0.014449
0.98,62.66,324.86,325.77,326.17,328.32,340.45,349.81,365.05,365.42,366.15,366.14,0.98601,0.020282
0.98,62.66,324.92,325.48,326.66,328,341.16,349.66,365.25,365.56,365.75,366.1,0.97409,0.0082661
0.98,62.66,324.96,325.48,326.85,327.55,342.08,349.94,364.9,365.27,365.99,366.22,0.97534,0.0094611
0.98,62.66,324.96,325.25,326,328.17,343.03,349.53,365,365.3,365.99,366.25,0.97927,0.013355
0.98,62.66,325.12,325.66,326.69,326.68,341.81,349.47,364.97,365.26,365.59,366.25,0.97716,0.011225
0.98,62.66,325.05,325.6,326.55,327.31,343.22,349.53,365.61,365.72,365.91,366.24,0.97969,0.013771
0.98,62.66,325.31,325.56,327.13,328,341.36,349.31,365.32,365.28,365.95,366.32,0.9754,0.00952
0.98,62.66,325.34,325.87,327.01,327.48,344.65,350.53,365.5,365.62,365.93,366.21,0.96732,0.0015092
0.98,62.66,325.09,325.41,326.22,327.78,343.35,349.93,365.23,365.7,365.99,366.2,0.97519,0.0094599
0.98,62.66,325.16,325.76,326.46,328.25,344.67,350.24,365.38,365.66,365.81,366.18,0.98413,0.018517
0.98,62.66,325.16,325.91,326.45,328.18,343.53,349.83,365.04,365.54,365.81,366.18,0.97333,0.0078438
0.98,62.66,325.03,325.72,326.94,327.98,344.76,350.69,365.14,365.93,365.86,366.21,0.97904,0.013708
0.98,62.66,325.14,325.54,327,327.3,342.73,349.96,364.81,365.9,366.04,366.27,0.97509,0.0099245
0.98,62.66,325.22,325.69,326.73,327.9,343.47,349.91,365.4,365.92,366,366.27,0.97116,0.0061756
0.98,62.66,324.86,325.71,326.91,328.87,342.36,350.75,365.19,365.63,365.82,366.25,0.97168,0.0068935
0.98,62.66,325.18,325.67,326.8,328.61,342.02,350.1,365.44,365.85,366.01,366.44,0.9842,0.019636
0.98,62.66,325.35,325.74,326.81,326.97,342.91,349.81,365.18,365.68,365.95,366.21,0.97585,0.011516
0.98,62.66,325.06,326.28,327.5,327.61,343.18,351.68,364.81,365.53,365.9,366.28,0.97175,0.0076505
0.98,62.66,325.15,325.95,327.15,328.81,345.26,350.05,365.34,365.53,366.11,366.3,0.97131,0.0074689
0.98,62.66,325.35,325.79,327.34,328.33,343.21,350.94,365.21,366,365.92,366.12,0.96303,-0.00055449
0.98,62.66,325.32,326.1,327.12,329.41,342.3,350.05,365.22,365.68,365.92,366.34,0.98086,0.01755
0.98,62.66,324.87,326.33,326.85,328.04,343.39,350.93,365.37,365.56,366.06,366.21,0.97516,0.012127
0.98,62.66,325.42,326,327.28,329.43,344.56,350.74,365.79,365.79,366.09,366.29,0.97176,0.0090196
0.98,62.66,325.32,326.26,326.65,329.05,343.82,350.19,365.4,365.66,365.98,366.4,0.98635,0.023901
0.98,62.66,325.26,326.15,327.58,328.86,345.55,349.17,365.61,365.73,365.94,366.25,0.97471,0.012553
0.98,62.66,325.09,325.7,326.95,328.32,345.18,351.66,365.82,365.76,366.03,366.42,0.97836,0.016502
0.98,62.66,325.48,326.28,327.92,328.65,343.21,350.91,365.06,365.57,365.99,366.22,0.96983,0.008281
0.98,62.66,325.64,326.18,327.37,328.22,344.14,350.3,365.47,365.86,365.94,366.27,0.971,0.0097581
0.98,62.66,325.21,326,326.99,328.03,342.79,350.14,365.58,365.87,366.02,366.22,0.96685,0.0059227
0.98,62.66,325.52,326.33,327.4,329.1,344.5,350.67,365.61,366,366.16,366.34,0.97156,0.010946
0.98,62.66,325.2,326.06,327.52,328.29,342.59,350.05,365.26,365.95,365.84,366.24,0.97735,0.017058
0.98,62.66,325.23,326.51,327.65,328.4,345.52,349.81,365.32,365.73,365.88,366.28,0.97911,0.019128
0.98,62.66,325.32,326.66,327.99,327.75,346.34,350.59,365.43,365.7,366,366.29,0.97428,0.014619
0.98,62.66,325.21,326.3,326.66,329.4,344.49,350.74,365.44,365.88,365.89,366.33,0.97086,0.011514
0.98,62.66,325.46,326.47,326.94,329.44,343.74,350.56,365.71,365.89,366.12,366.32,0.9638,0.0047731
0.98,62.66,325.43,326.52,326.61,329.62,344.26,350.73,364.94,365.83,365.98,366.29,0.97054,0.011826
0.98,62.66,325.51,326.25,326.93,329.27,343.61,350.26,364.97,365.91,366.04,366.2,0.97052,0.012113
0.98,62.66,325.31,326.5,327.52,329.86,343.82,349.91,365.33,366.01,365.99,366.29,0.96165,0.0035611
0.98,62.66,325.58,326.4,327.07,329.54,342.72,351.13,365.33,365.58,366.06,366.31,0.96047,0.0026773
0.98,62.66,325.41,326.17,327.35,329.18,345.31,350.62,365.34,365.97,366.03,366.23,0.96122,0.0037415
0.98,62.66,325.29,326.43,328.42,329.74,345.39,351.59,365.09,365.61,366.22,366.2,0.97434,0.017165
0.98,62.66,325.29,326.34,327.8,329.87,344.85,351.99,365.13,365.86,366.19,366.38,0.96111,0.0042261
0.98,62.66,325.56,326.47,327.22,329.53,344.48,350.94,365.38,365.68,365.95,366.38,0.96087,0.0042854
0.98,62.66,325.37,326.34,327.94,329.03,343.08,350.92,365.76,365.95,365.9,366.21,0.97343,0.017131
0.98,62.66,325.58,326.71,327.87,330.62,344.88,351.37,365.6,365.57,366.02,366.3,0.96723,0.011224
0.98,62.66,325.47,326.15,328.36,329.48,346.01,351.4,365.62,366.12,366.16,366.39,0.96733,0.011608
0.98,62.66,325.52,326.62,327.89,330.41,345.64,350.78,365.84,365.76,366.11,366.3,0.96764,0.012195
0.98,62.66,325.66,326.47,328.27,330.29,345.6,350.12,365.87,365.89,366.23,366.31,0.96797,0.012799
0.98,62.66,325.63,326.52,328.71,330.56,345.11,351.44,365.53,365.81,366.01,366.35,0.97001,0.015115
0.98,62.66,325.62,326.73,328.47,329.83,344.6,350.13,365.21,365.99,365.95,366.38,0.96898,0.014345
0.98,62.66,325.8,326.8,327.81,330.27,343.24,352.02,365.47,366.03,366.16,366.2,0.96558,0.011208
0.98,62.66,325.44,326.37,327.81,330.22,344.66,351.03,365.37,365.55,366.08,366.47,0.97027,0.01615
0.98,62.66,325.55,326.65,327.73,330.65,345.88,351.56,365.72,365.91,366.27,366.49,0.96817,0.014309
0.98,62.66,325.42,326.94,327.86,329.31,345.41,351.06,365.35,365.81,366.11,366.41,0.96028,0.0066569
0.98,62.66,325.58,326.24,328.42,329.71,346.09,350.82,364.8,365.71,366.13,366.24,0.96248,0.009106
0.98,62.66,325.56,327.04,328.79,329.57,346.59,351.22,365.29,365.98,365.87,366.28,0.96342,0.010273
0.98,62.66,325.73,326.86,327.95,331.43,345.4,351.26,365.27,365.62,366.17,366.33,0.96186,0.0089463
0.98,62.66,325.5,326.42,328.57,329.7,345.49,350.51,365.5,366.19,366.27,366.32,0.96528,0.012592
0.98,62.66,325.47,326.53,327.54,330.86,345.66,351.41,365.53,365.86,366.24,366.28,0.95727,0.0048067
0.98,62.66,325.71,326.98,328.3,330.44,344.35,350.91,365.51,365.94,366.26,366.35,0.96236,0.010109
0.98,62.66,325.36,326.88,327.92,329.8,344.94,350.82,365.57,365.74,365.95,366.38,0.958,0.0059602
0.98,62.66,325.88,326.54,328.1,330.68,346.17,351.47,365.68,365.78,366.09,366.34,0.95227,0.00043824
0.98,62.66,325.68,326.92,328.57,330.08,344.94,351.14,364.95,365.92,366.15,366.35,0.9595,0.007865
0.98,62.66,325.57,326.85,328.59,329.02,345.7,349.57,365.61,365.99,366.19,366.4,0.96735,0.015913
0.98,62.66,325.77,326.25,328.54,329.99,344.6,350.43,365.31,365.75,365.87,366.24,0.96355,0.012303
0.98,62.66,325.83,326.87,328.28,330.84,343.81,351.98,365.48,365.98,366.3,366.3,0.96503,0.01397
0.98,62.66,325.24,326.44,328.15,329.82,344.06,351.76,365.37,365.95,365.99,366.29,0.96325,0.012373
0.98,62.66,325.69,326.92,328.04,330.34,345.17,351.18,365.39,365.91,366.08,366.49,0.95514,0.0044292
0.98,62.66,325.6,326.63,328.08,330.32,343.65,351.87,365.49,365.96,366.3,366.45,0.96053,0.0099935
0.98,62.66,325.63,326.89,327.36,330.38,347.52,350.7,365.15,365.79,365.95,366.32,0.96041,0.010042
0.98,62.66,325.83,327,328,330.09,345.41,350.69,365.21,365.64,366.18,366.28,0.96071,0.010503
0.98,62.66,325.58,326.92,328.79,330.15,346.5,350.77,365.44,366.09,366.15,366.4,0.95535,0.0053083
0.98,62.66,325.93,326.74,328.3,330.38,345.3,351.63,365.39,365.62,365.96,366.41,0.95691,0.0070144
0.98,62.66,325.73,327.35,328.3,330.17,346.22,351.09,365.68,365.52,366.14,366.45,0.96179,0.012048
0.98,62.66,325.61,327.06,328.02,330.29,345.56,350.84,365.59,366.15,366.14,366.36,0.97159,0.021987
0.98,62.66,325.8,326.58,328.24,330.69,345.8,350.7,365.67,366.13,366.21,366.37,0.95542,0.0059609
0.98,62.66,325.64,326.6,328.69,329.38,346.43,350.24,365.67,365.82,366.09,366.26,0.95769,0.0083687
0.98,62.66,325.54,326.87,328.96,331.16,345.68,350.59,365.68,365.9,366.15,366.4,0.95937,0.010179
0.98,62.66,325.65,327.08,328.57,330.51,344.81,351.27,365.91,365.77,366.01,366.46,0.95679,0.0077341
0.98,62.66,325.69,327.15,329.18,330.4,344.43,350.92,365.73,365.91,366.16,366.38,0.96078,0.011846
0.98,62.66,325.81,327.04,328.35,330.1,345.54,350.75,365.25,365.92,366.02,366.22,0.96112,0.012308
0.98,62.66,325.48,327.07,328.4,330.71,343.82,351.59,365.8,365.45,366.26,366.25,0.95392,0.0052296
0.98,62.66,325.9,327.01,328.89,330.73,345.59,351.94,365.39,365.46,366.32,366.3,0.95817,0.0095879
0.98,62.66,326.08,327.06,328.61,329.82,345.03,350.86,365.28,365.89,366.04,366.46,0.95333,0.0048596
1.02,62.66,325.77,326.76,328.9,330.77,345.01,351.33,365.52,365.63,365.93,366.26,0.95562,0.0072529
1.02,62.66,325.74,326.87,328.62,330.97,345.18,350.9,365.44,365.78,366.1,366.33,0.96072,0.012644
1.02,62.66,325.9,326.65,328.47,331.26,344.65,350.92,365.3,365.89,366.07,366.29,0.95276,0.0049762
1.02,62.66,325.95,326.65,328.62,330.87,344.62,351.14,365.22,365.9,365.87,366.28,0.96401,0.016435
1.02,62.66,325.44,326.98,328.36,329.5,343.97,350.86,365.25,365.7,366.02,366.27,0.96366,0.016203
1.02,62.66,325.85,326.49,328.04,330.45,344.1,350.79,364.96,365.53,366.21,366.32,0.95105,0.0036407
1.02,62.66,325.57,326.8,328.7,330.54,344.84,350.38,365.26,365.63,365.91,366.38,0.95715,0.0096908
1.02,62.66,325.49,327.14,327.61,329.39,345.19,350.62,364.85,365.47,366,366.25,0.96072,0.013137
1.02,62.66,325.75,326.76,328.11,328.92,345.37,349.69,364.95,365.32,366.2,366.2,0.96489,0.017132
1.02,62.66,325.55,326.58,328.03,330.48,345.19,350.85,365.33,365.48,365.94,366.25,0.96615,0.018156
1.02,62.66,325.65,326.35,328,329.86,343.75,348.88,365.13,365.66,365.85,366.23,0.95924,0.010948
1.02,62.66,325.55,326.48,328.08,328.87,344.71,350.05,365.32,365.41,365.93,366.16,0.96026,0.011632
1.02,62.66,325.6,326.96,327.55,329.56,343.46,350.41,364.84,365.44,365.78,366.24,0.95913,0.010137
1.02,62.66,325.57,326.6,327.63,328.45,342.98,349.09,364.61,365.44,365.7,366.3,0.96508,0.015696
1.02,62.66,325.64,326.38,327.89,328.5,343.8,348.5,364.44,365.23,365.84,366.15,0.9656,0.015791
1.02,62.66,325.36,326.48,327.45,328.97,342.27,350.06,364.78,365.79,365.91,366.1,0.96344,0.013209
1.02,62.66,325.62,326.83,328,329.65,343.01,349.2,364.69,365.29,365.86,365.97,0.96761,0.016933
1.02,62.66,325.51,326.51,327.08,328.51,342.52,348.56,365.12,365.23,365.84,366.19,0.96195,0.010826
1.02,62.66,325.26,325.9,326.88,329.19,344.63,348.91,364.81,365.45,365.8,366.09,0.9652,0.013616
1.02,62.66,325.57,325.95,326.3,328.04,342.29,349.71,364.59,365.36,365.82,366.23,0.97543,0.023391
1.02,62.66,325.5,325.98,327.48,327.9,342.44,348.86,364.52,365.18,365.54,366.12,0.97146,0.01897
1.02,62.66,325.6,326.15,327.33,328.73,343.74,349.01,364.79,365.61,365.69,366.13,0.97244,0.019501
1.02,62.66,325.52,325.94,327.4,327.9,341.03,348.9,364.9,365.13,365.72,366.09,0.96652,0.013136
1.02,62.66,325.32,326.11,327.02,328.52,340.61,349.16,364.39,365.19,365.57,365.95,0.96558,0.011754
1.02,62.66,325.05,326.29,327.42,329.04,342.73,348.89,364.67,365.42,365.76,366.15,0.97307,0.018818
1.02,62.66,325.39,325.72,326.64,328.56,343,349.09,364.97,365.16,365.98,366.07,0.97366,0.018986
1.02,62.66,325.14,326.21,326.86,327.97,343.82,349.93,364.41,365.17,365.47,366,0.97433,0.019249
1.02,62.66,325.29,326.01,326.62,328.45,341.74,348.78,364.36,365.27,365.56,366.08,0.98206,0.026578
1.02,62.66,325.17,325.63,326.64,328.42,342.58,348.83,364.34,365.07,365.63,365.9,0.97321,0.017343
1.02,62.66,325.31,326.01,326.64,328.35,339.97,349.66,364.47,365.25,365.56,365.96,0.96811,0.01188
1.02,62.66,325.18,325.83,326.71,328.87,343.21,348.65,364.59,365.25,365.68,365.88,0.9718,0.015209
1.02,62.66,325.09,326.26,326.91,327.43,341.85,347.99,364.61,365.3,365.53,366.18,0.97258,0.015637
1.02,62.66,325.28,325.38,326.12,327.3,342.34,347.49,364.35,365.46,365.69,365.96,0.97377,0.016494
1.02,62.66,324.94,325.89,325.92,328.81,341.1,348.8,364.63,365.25,365.55,365.99,0.9762,0.0186
1.02,62.66,324.99,325.89,326.53,328.32,341.37,347.91,364.89,364.98,365.65,365.92,0.98318,0.025275
1.02,62.66,325.38,325.85,326.9,327.81,341.44,347.8,364.21,365.35,365.43,366.03,0.97694,0.018747
1.02,62.66,325.19,325.47,326.27,327.31,340.52,347.73,364.82,364.75,365.68,366.08,0.98293,0.024451
1.02,62.66,324.94,325.9,326.74,325.67,341.87,348.38,364.33,365.16,365.3,365.97,0.99017,0.031427
1.02,62.66,325.14,325.44,326.28,326.33,339.96,348.32,364.29,364.99,365.69,365.9,0.9773,0.018295
1.02,62.66,325.17,325.4,326.61,328.24,342.86,348.11,364.22,365.07,365.55,366.05,0.98134,0.022092
1.02,62.66,325.06,325.29,326.3,327.1,341.74,348.44,364.57,364.81,365.27,366.08,0.98056,0.021084
1.02,62.66,325.4,325.64,326.36,327.5,339.13,347.59,364.36,364.91,365.63,365.98,0.98923,0.029537
1.02,62.66,324.77,325.46,326.56,327.09,340.42,348.06,364.21,365.05,365.19,365.8,0.97747,0.017568
1.02,62.66,324.97,325.92,326.16,327.72,340.84,347.95,364.19,365.47,365.64,365.88,0.98603,0.025925
1.02,62.66,325.09,325.99,326.45,326.53,340.44,347.94,364.28,364.67,365.61,366.03,0.9727,0.012411
1.02,62.66,325.39,325.36,325.86,327.33,340.57,347.05,364.38,365.06,365.44,365.97,0.97307,0.012602
1.02,62.66,325.24,325.23,325.8,326.42,339.84,348.16,364.32,364.97,365.36,365.87,0.97558,0.014945
1.02,62.66,325.07,325.65,325.81,327,340.47,349.63,363.87,364.83,365.75,365.91,0.98011,0.01932
1.02,62.66,324.83,325.4,326.06,327.58,340.45,347.1,364.17,364.74,365.38,365.95,0.98577,0.024829
1.02,62.66,324.95,324.99,326.36,325.77,340.27,347.8,364.54,365.11,365.51,365.91,0.9837,0.022622
1.02,62.66,324.99,325.84,325.62,326.24,339.85,346.77,364.1,365.1,365.42,365.99,0.98848,0.027271
1.02,62.66,324.92,325.29,325.8,327.96,340.36,348.11,364.55,365.02,365.36,365.9,0.97706,0.01573
1.02,62.66,324.9,325.34,325.93,327.49,340.05,347.72,364.27,364.93,365.03,365.68,0.97631,0.01487
1.02,62.66,325.02,325.16,326.26,327.5,339.37,348.53,364.24,364.91,365.33,365.84,0.98804,0.026493
1.02,62.66,325.13,325.23,326.06,327.39,339.07,348.13,364.03,364.58,365.36,365.71,0.98563,0.023993
1.02,62.66,325.14,325.39,325.81,327.07,340.12,347.17,364.22,364.72,365.37,365.82,0.98523,0.023495
1.02,62.66,324.92,325.39,325.69,327.03,340.61,347.55,363.81,364.68,365.19,365.94,0.98585,0.024032
1.02,62.66,324.94,325.06,326.53,327.47,339.87,347.47,363.78,364.57,365.36,365.84,0.98011,0.018219
1.02,62.66,324.76,325.44,325.53,326.7,339.48,347.2,363.66,364.98,365.49,365.86,0.98197,0.020011
1,62.66,324.71,324.78,326.25,326.19,340.21,348.53,364.08,364.54,365.5,365.9,0.97973,0.01761
1,62.66,324.81,325.02,325.05,325.4,337.12,347.18,363.87,364.86,365.35,365.87,0.98374,0.021235
1,62.66,324.84,325.2,325.64,326.31,338.41,347.52,364.14,365.16,365.61,365.95,0.9874,0.024531
1,62.66,324.77,325.37,326.15,326.72,338.14,348.19,364.04,364.96,365.45,365.76,0.98435,0.021132
1,62.66,324.74,325.46,326.2,326.53,337.41,348.15,364.38,364.45,365.49,365.97,0.98606,0.022509
1,62.66,324.88,325.2,325.94,326.77,339.52,347.78,364.69,365.13,365.55,365.75,0.98698,0.023117
1,62.66,325.13,325.24,326.17,325.46,338,348.56,364.43,364.76,365.24,365.75,0.98289,0.018727
1,62.66,325.07,325.22,325.91,326.45,339.04,348.34,364.03,364.9,365.31,365.92,0.98678,0.022336
1,62.66,324.84,325.1,325.48,327.07,339.58,347.59,364.28,365.16,365.56,365.89,0.98802,0.023315
1,62.66,324.65,325.43,325.74,326.39,338.75,347.65,364.21,365,365.45,366.05,0.98577,0.020831
1,62.66,324.94,325.28,325.06,326.94,340.01,348.03,364.29,364.9,365.54,365.97,0.98738,0.022213
1,62.66,324.63,325.43,325.89,326.15,339.24,348.5,364.09,364.92,365.73,365.84,0.98576,0.020389
1,62.66,324.93,325.08,325.53,326.47,339.82,347.75,364.58,365.2,365.35,365.97,0.98691,0.021348
1,62.66,324.91,325.18,325.84,325.79,340,347.77,364.29,364.85,365.48,365.85,0.99269,0.026953
1,62.66,324.74,325.35,326.57,326.32,340.08,348.32,364.23,364.96,365.49,365.78,0.98554,0.019647
1,62.66,324.77,325.49,325.79,326.59,340.54,347.95,364.66,365.29,365.61,365.97,0.98557,0.019531
1,62.66,325.03,325.26,325.58,326.89,339.17,348.2,363.93,365.11,365.33,365.82,0.98904,0.022859
1,62.66,324.88,324.95,324.84,327.41,341.29,347.83,364.15,364.93,365.56,366.05,0.98397,0.017678
1,62.66,324.94,325.41,325.82,326,340.51,347.91,364.56,365.23,365.65,365.86,0.9988,0.032397
1,62.66,324.93,325.3,325.26,326.54,340.97,348.15,364.46,365.17,365.54,365.93,0.99098,0.024476
1,62.66,324.83,325.22,326.26,326.02,338.75,347.79,364.69,365.1,365.48,365.89,0.9841,0.017503
1,62.66,324.79,324.84,325.47,327.16,340.09,348.93,364.29,364.77,365.89,366.07,0.98419,0.017516
1,62.66,324.72,325.35,325.88,325.75,341.07,348.93,364.33,364.73,365.66,365.95,0.98206,0.015316
1,62.66,324.97,325.5,326.27,327.09,338.3,348.29,364.7,365.1,365.75,365.99,0.98771,0.020901
1,62.66,324.96,325.48,325.6,327.21,340.49,347.92,364.36,364.79,365.58,366.05,0.98976,0.02289
1,62.66,324.95,325.4,325.98,325.35,341.7,348.64,364.67,365.22,365.61,365.95,0.98463,0.017714
1,62.66,324.94,325.3,325.6,326.98,340.09,348.29,364.25,365.21,365.66,366.13,0.99229,0.025329
1,62.66,325.01,325.11,325.57,326.85,340.67,348.05,364.63,365.3,365.46,366.04,0.99385,0.026857
1,62.66,325.04,325.65,325.18,325.69,339.87,348.3,364.6,365.15,365.74,365.97,0.98289,0.01586
1,62.66,324.77,325.09,325.74,327.26,341.29,348.87,364.54,365.38,365.58,365.91,0.98773,0.020671
1,62.66,325.09,325.12,326.38,327.33,339.81,348.12,364.34,365.37,365.85,366.01,0.98364,0.016561
1,62.66,325.01,325.63,325.68,327.87,339.65,348.79,364.4,365.18,365.65,365.95,0.9827,0.01561
1,62.66,325.1,325.34,326.06,326.86,339.68,349.03,364.79,365.13,365.78,366,0.98162,0.014512
1,62.66,325.07,325.26,325.92,327.48,338.54,348.27,364.53,365.08,365.79,366.03,0.9789,0.011785
1,62.66,324.9,325.25,326,326.94,342.17,347.77,364.58,365.55,365.62,366.2,0.98189,0.014768
1,62.66,324.98,325.24,326.1,327.12,339.44,348.68,364.56,365.18,365.66,365.83,0.99141,0.024279
1,62.66,325,325.21,325.71,326.71,339.99,349.23,363.64,365.17,365.58,366.11,0.98497,0.017844
1,62.66,324.93,325.47,325.58,326.53,340.59,349.01,365.13,365.39,365.51,366.06,0.98467,0.017551
1,62.66,324.78,325.13,325.83,327.29,339.85,347.5,364.53,365.29,365.65,366.13,0.98754,0.02042
1,62.66,324.82,325.54,325.87,325.71,340.08,349.08,364.38,365.52,365.44,366.03,0.9887,0.021586
1,62.66,324.84,325.1,326.47,327.6,338.74,347.92,364.52,364.99,365.73,366.11,0.98557,0.018464
1,62.66,325,325.46,326.02,326.61,338.8,348.81,364.46,364.88,365.5,366.08,0.98394,0.016847
1,62.66,324.95,325.6,325.39,327.52,340.79,348.13,364.89,365.31,365.7,366.05,0.98333,0.016256
1,62.66,324.55,325.34,325.96,326.73,340.01,347.92,364.78,365.04,365.63,366.05,0.98986,0.022794
1,62.66,324.8,325.49,325.8,326.8,341.34,348.58,364.66,365.13,365.75,365.96,0.99205,0.024997
1,62.66,324.75,325.09,326.94,326.91,341.1,348.08,364.84,365.47,365.7,366.04,0.98092,0.013883
1,62.66,325.03,325.2,326.52,327.03,341.54,347.4,364.69,365.11,365.63,366.01,0.98088,0.013867
1,62.66,324.78,325.44,326.3,326.94,340.5,347.72,364.63,365.37,365.86,366.03,0.98456,0.017569
1,62.66,325.11,325.41,326.42,326.7,340.23,348.17,364.77,365.12,365.71,366.14,0.97897,0.012002
1,62.66,324.97,325.49,325.88,327.37,340.2,348.98,364.73,364.99,365.66,366.17,0.9932,0.026254
1,62.66,325.03,325.24,326.18,327.29,340.06,349.45,365,365.01,365.61,366.09,0.9797,0.012773
1,62.66,324.65,324.92,326.08,326.81,340.44,349.55,364.53,365.19,365.69,366.01,0.98211,0.015205
1,62.66,324.91,325.42,326.25,327.06,339.93,348.87,364.72,365.15,365.8,366.16,0.98553,0.018656
1,62.66,324.98,325.06,326.4,326.91,341.28,347.95,364.53,365.44,365.51,366.06,0.9789,0.012045
1,62.66,324.95,325.45,326.16,326.4,340.41,348.19,364.49,365.26,365.91,365.99,0.97974,0.012915
1,62.66,325.05,325.14,326.06,327.23,343.14,349.28,365.05,365.7,365.69,366.17,0.98104,0.014238
1,62.66,324.66,325.6,325.85,327.32,340.62,348.57,364.57,365.13,365.75,366.15,0.99143,0.024658
1,62.66,324.88,325.38,326.5,327.33,340.55,349.31,364.63,365.47,365.66,366.14,0.9866,0.019859
1,62.66,325.21,325.17,325.66,326.93,339.91,348.05,364.8,365.16,365.58,366.14,0.98421,0.017494
1,62.66,325,325.24,326.08,326.27,340.85,348.46,364.64,365.46,365.77,366.12,0.97988,0.01319
1,62.66,324.6,326,326.06,326.37,340.66,349.24,365.07,365.48,365.58,366.08,0.98256,0.015897
1,62.66,324.61,325.56,326.46,328.12,341.64,348.67,364.36,365.22,365.68,366.08,0.98065,0.014019
1,62.66,324.79,325.45,326.21,327.69,340.76,349.24,364.29,365.31,365.74,366.02,0.98063,0.014031
1,62.66,324.86,325.22,325.97,326.5,341.04,348.57,364.46,365.22,365.69,366.07,0.98351,0.016941
1,62.66,324.8,325.83,325.99,326.9,341.59,349.13,364.63,365.23,365.6,366.04,0.98845,0.021901
1,62.66,325.17,325.51,325.91,327.85,341.34,348.7,364.37,365.16,365.65,366.1,0.97858,0.012065
1,62.66,325.06,325.63,326.11,326.87,339.31,348.32,364.65,365.22,365.77,366.1,0.98671,0.020232
1,61.407,324.94,325.24,326.33,327.73,341.38,349.48,364.68,365.68,365.63,366.11,0.98062,0.014209
1,61.407,324.99,325.31,326.31,327.86,338.86,348.89,364.82,365.61,365.48,366.05,0.98821,0.02189
1,61.407,325.09,325.55,326.79,327.27,340.57,347.79,364.44,365.51,365.54,366.12,0.98856,0.022346
1,61.407,324.65,325.97,326.63,327.47,342.16,348.1,364.94,365.41,365.72,366.09,0.98318,0.017139
1,61.407,324.92,325.66,326.02,327.81,342.51,349.77,364.84,365.63,365.74,366.12,0.98198,0.016191
1,61.407,325.12,325.83,326.88,328.58,340.59,349.55,364.83,365.33,365.71,366.16,0.98003,0.014558
1,61.407,324.97,325.37,326.79,327.65,340.26,349.29,364.86,365.13,365.94,366.15,0.98329,0.01818
1,61.407,324.98,325.66,327.25,328.4,343.85,348.6,364.71,365.58,366.04,366.15,0.97367,0.008977
1,61.407,324.96,326.25,326.44,327.4,343.35,349.45,364.9,365.44,365.99,365.96,0.9781,0.013874
1,61.407,325.16,326.01,326.78,328.88,343.79,349.27,365.22,365.2,365.97,366.24,0.97516,0.011427
1,61.407,325.2,325.99,327.6,329.41,341.98,349.62,365.14,365.45,365.82,366.18,0.97758,0.014397
1,61.407,325.25,325.99,327.24,327.78,343.34,349.71,365.16,365.28,365.82,366.13,0.98362,0.021018
1,61.407,325.15,325.89,327.23,328.51,343.46,349.66,365.24,365.81,365.88,366.16,0.9682,0.0062046
1,61.407,325.25,326.48,326.94,328.82,344.9,349.79,365.02,365.42,365.9,366.27,0.98002,0.018662
1,61.407,325.15,326.05,327.39,328.68,344.88,349.8,365.22,365.6,366.07,366.2,0.97687,0.016188
1,61.407,325.29,325.82,327.48,328.47,344.02,349.73,364.94,365.45,365.89,366.16,0.97957,0.019586
1,61.407,324.94,326.2,327.77,329.33,342.63,350.32,365.18,365.54,365.75,366.26,0.97432,0.015057
1,61.407,325.27,326.43,327.69,329.18,343.25,349.83,365.22,365.66,366.13,366.3,0.97158,0.013062
1,61.407,325.52,326.07,327.65,330.04,343.71,349.67,365.14,365.45,365.89,366.23,0.9776,0.019847
1,61.407,325.28,326.75,326.51,329.2,343.74,350.16,365.22,365.75,365.85,366.21,0.96884,0.011872
1,61.407,325.6,326.24,327.83,329.83,344.95,349.2,364.81,365.72,365.98,366.41,0.96579,0.0096224
1,61.407,325.62,326.46,328.02,329.5,344.77,350.97,365.22,365.86,365.88,366.06,0.96323,0.0078711
1,61.407,325.61,326.23,328.45,330.27,344.53,350.79,364.92,365.39,366.02,366.25,0.96449,0.0099493
1,61.407,325.58,326.86,327.35,330.08,344.06,349.9,365.64,365.22,366.04,366.14,0.96992,0.016209
1,61.407,325.65,326.71,328.4,328.85,345.2,349.76,365.26,365.74,366.13,366.11,0.96564,0.012769
1,61.407,325.7,326.68,328.44,330.02,346.09,351.24,365.27,365.76,366.01,366.15,0.96442,0.012391
1,61.407,325.66,326.67,328.7,330.72,344.33,351.06,365.38,365.66,365.85,366.4,0.95616,0.0049853
1,61.407,325.61,326.83,328.25,330.83,346.05,349.98,365.09,365.89,365.96,366.16,0.96234,0.012003
1,61.407,325.55,326.87,328.41,330.47,344.27,349.79,365.21,365.79,366.14,366.3,0.96754,0.01805
1,61.407,325.45,327.06,329.04,330.11,345.41,351.31,365.23,365.64,366.19,366.26,0.96228,0.013637
1,61.407,325.72,326.83,328.53,331.22,346.92,351.39,365.48,365.99,366.08,366.23,0.96313,0.015326
1,61.407,325.67,327.36,327.92,331.2,342.77,350.58,365.28,365.62,366.06,366.38,0.95847,0.011502
1,61.407,325.7,327.12,329.07,331.4,345.22,351.21,365.44,365.91,366.02,366.33,0.94806,0.0019263
1,61.407,325.71,327.13,329.69,331.75,346.25,351.5,365.51,365.92,366.12,366.31,0.94239,-0.0029294
1,61.407,326.06,327.56,328.27,329.92,345.43,351.12,365.71,365.86,366.11,366.34,0.96028,0.015778
1,61.407,326.14,327.04,328.52,331.88,344.11,349.51,365.11,365.89,366.03,366.42,0.95227,0.0085595
1,61.407,325.81,327.52,328.48,331.42,345.87,351.11,365.39,365.85,366.09,366.38,0.95683,0.01391
1,61.407,325.8,327.39,329.05,331.05,345.19,351.04,365.89,365.6,365.99,366.26,0.9551,0.012963
1,61.407,325.94,327.15,329.15,331.66,345.14,351.07,365.56,365.52,366.26,366.25,0.95315,0.011776
1,61.407,326.27,327.51,328.92,331.35,347.24,350.01,365.45,365.94,366.17,366.31,0.95782,0.017192
1,61.407,326.01,327.93,329.42,330.23,344.66,350.8,365.4,366.03,366.13,366.34,0.95207,0.012179
1,61.407,325.9,327.55,329.99,330.96,344.88,351.36,366.11,366.08,366.01,366.27,0.94679,0.0076172
1,61.407,326.05,327.56,329.33,331.95,345.68,351.49,365.37,365.64,366.06,366.34,0.95311,0.014639
1,61.407,326.27,327.21,329.49,332.33,346.45,351.34,365.28,365.6,366.09,366.3,0.95627,0.018487
1,61.407,326.12,328.03,329.71,332.72,344.22,351.99,365.4,365.81,365.95,366.29,0.93458,-0.0025277
1,61.407,326.39,327.72,330.48,331.79,346.02,350.36,365.01,365.98,366.12,366.4,0.94404,0.0075843
1,61.407,326.03,327.51,329.4,332.57,346.2,351.08,365.28,365.7,366.05,366.46,0.94796,0.012133
1,61.407,326,327.38,330.01,332.15,345.51,351.78,365.41,365.78,366.22,366.39,0.94523,0.010027
1,61.407,326.22,327.78,329.48,332.72,347.65,349.58,365.2,365.88,366.13,366.36,0.93872,0.00412
1,61.407,326.16,328.06,329.77,332.98,346.73,351.31,365.37,365.8,366.15,366.33,0.94405,0.010033
1,61.407,326.15,327.67,330.71,332.56,345.84,351.46,365.69,365.88,366.31,366.37,0.94457,0.011121
1,61.407,326.18,327.51,330.75,332.84,346.72,351.26,365.37,366.04,366.21,366.23,0.95201,0.01912
1,61.407,326.34,327.69,330.22,332.47,345.73,351.72,365.4,365.51,366.22,366.43,0.93978,0.0074205
1,61.407,326.16,328.29,330.2,331.65,345.03,350.89,365.26,365.98,365.98,366.31,0.94118,0.0093418
1,61.407,326.3,327.41,330.15,332.56,346.51,350.83,365.64,365.54,366.01,366.31,0.93209,0.00075541
1,61.407,326.21,328.06,329.72,332.5,346.6,352.42,365.43,365.72,365.96,366.38,0.93493,0.0040785
1,61.407,326.21,327.84,330.52,331.55,345.69,350.77,365.6,365.95,366.14,366.16,0.93474,0.0043533
1,61.407,326.34,327.9,329.62,332.08,347.29,350.71,365.44,365.57,366.14,366.26,0.94716,0.017229
1,61.407,326.44,328.21,329.39,333.04,345.36,351.77,365.86,366,366.08,366.31,0.94124,0.011752
1,61.407,326.36,327.96,329.99,333.5,348.46,351.3,366.06,365.85,366.31,366.22,0.93601,0.0069387
1,61.407,326.47,327.94,329.96,332.16,346.19,351.37,365.33,366.02,366.17,366.48,0.93116,0.0024952
1,61.407,326.62,328.11,330.04,333.34,346.87,351.77,365.47,365.94,366.16,366.34,0.94049,0.012224
1,61.407,326.54,328.37,329.87,332.16,345.62,351.6,365.88,365.5,366.12,366.39,0.93002,0.0021355
1,61.407,326.48,327.9,329.37,333.32,346.83,351.7,365.42,365.65,366.33,366.29,0.94115,0.013629
1,61.407,326.75,327.98,329.36,332.07,346.93,351.56,365.3,365.74,366.12,366.32,0.93664,0.0094688
1,61.407,326.44,328.18,330.21,332.1,348.5,351.33,365.67,366.12,366.23,366.39,0.936,0.0091655
1,61.407,326.48,327.6,330.57,333.09,345.58,350.63,365.91,366.04,366.31,366.25,0.93419,0.0076893
1,63.913,326.4,328.31,330.39,332.61,346.79,351.08,365.91,365.96,366.01,366.5,0.92693,0.00033531
1,63.913,326.63,327.76,330.5,331.86,346.47,350.85,365.58,365.88,366.05,366.38,0.9387,0.011349
1,63.913,326.38,328.17,329.87,331.54,346.09,351.43,365.69,365.88,366.15,366.35,0.9302,0.0017754
1,63.913,326.28,327.71,330.04,330.88,344.84,350.94,365.33,366.12,365.92,366.34,0.94358,0.013823
1,63.913,326.29,327.53,329.35,332.22,344.77,349.95,365.48,365.5,366.18,366.43,0.94126,0.010009
1,63.913,326.04,327.5,329.42,331.01,345.46,351.42,365.16,365.67,366.02,366.23,0.94561,0.012775
1,63.913,326.14,327.09,329.36,331.01,344.67,350.63,365.16,365.55,366.01,366.18,0.94594,0.011465
1,63.913,326.21,326.74,328.95,330.45,344.84,350.9,365.42,365.68,365.96,366.17,0.95171,0.015576
1,63.913,326.04,326.94,328.32,329.03,344.97,349.84,365.04,365.9,365.89,366.18,0.949,0.011196
1,63.913,326.11,327.02,328.5,330.1,343.82,349.62,365.24,365.69,365.93,366.34,0.95199,0.012526
1,63.913,325.93,326.84,327.85,328.61,344.89,350.31,365.67,365.56,366,366.12,0.9557,0.014619
1,63.913,325.7,326.62,328.3,329.33,343.99,349.61,365.13,365.46,365.95,366.23,0.95304,0.010381
1,63.913,325.82,326.43,327.38,329.15,344.2,349.7,364.82,365.47,365.83,366.13,0.95293,0.0087352
1,63.913,325.87,326.11,327.31,328.82,343.1,349.35,365.09,365.32,366.08,366.19,0.95254,0.0068483
1,63.913,325.55,326.3,327.16,328.95,344.3,348.78,364.55,365.2,365.9,366.14,0.957,0.0098716
1,63.913,325.68,326.24,327.34,329.1,342.47,349.83,364.48,365.32,366.01,366.13,0.96712,0.018618
1,63.913,325.76,326.24,327.44,328.23,342,349.76,364.49,365.32,365.87,366.11,0.95577,0.0059493
1,63.913,325.46,326.49,327.61,328.2,344.42,349.02,364.89,365.55,365.84,366.14,0.96203,0.010953
1,63.913,325.14,326.04,326.6,328.58,342.83,348.85,365.09,365.18,365.74,365.98,0.96433,0.012056
1,63.913,325.39,325.8,327.35,328.29,343.02,349.39,364.6,365.35,366.05,366.14,0.96896,0.015543
1,63.913,325.48,326.09,326.89,328.62,340.78,348.91,364.67,365.04,365.83,366.05,0.9699,0.015415
1,63.913,325.51,326.1,326.72,327.78,341.82,348.58,364.71,365.26,365.76,366.19,0.97641,0.020894
1,63.913,325.14,325.84,326.62,326.9,341.59,347.83,364.53,365.48,365.74,366.23,0.97206,0.015595
1,63.913,325.09,325.52,326.07,327.24,340.82,348.05,364.43,365.06,365.75,366.02,0.97857,0.021197
1,63.913,325.09,326,326.61,326.87,340.57,348.02,364.62,365.04,365.78,366.15,0.96942,0.011201
1,63.913,325.09,325.63,326.44,327.66,341.12,348.63,364.35,365.42,365.85,366.15,0.97722,0.018196
1,63.913,325.11,325.5,327.06,327.47,340.43,347.15,364.89,365.12,365.73,365.97,0.98246,0.022697
1,63.913,324.92,325.31,325.9,327.13,341.16,347.75,364.54,365.34,365.74,366.08,0.98674,0.026291
1,63.913,324.94,325.15,326.35,326.7,337.96,348.31,364.44,365.12,365.83,365.97,0.98376,0.022677
1,63.913,325.28,325.42,326.41,327.21,340.18,349.01,364.58,365.6,365.43,366.16,0.9887,0.02703
1,63.913,324.93,325.74,325.76,326.23,341.55,348.46,364.86,365.25,365.61,366.02,0.9795,0.017269
1,63.913,325.3,325.3,325.7,326.42,338.73,348.32,364.03,365.05,365.66,366,0.97728,0.014554
1,63.913,324.92,326.19,325.14,327.06,339.65,348.1,364.67,365.18,365.62,365.99,0.98383,0.020636
1,63.913,325.17,325.8,325.62,327.62,340.07,347.92,364.07,364.98,365.64,366.13,0.97783,0.014232
1,63.913,325.16,325.67,326.44,326.35,338.76,348.14,364.38,364.89,365.65,365.89,0.98675,0.022769
1,63.913,324.76,325.27,326.07,326.51,338.07,347.2,364.44,365.17,365.57,365.87,0.98014,0.015819
1,63.913,325.01,325.14,325.21,325.75,339.67,347.15,363.95,364.93,365.78,365.93,0.98633,0.021712
1,63.913,325,324.82,325.46,324.89,337.25,347.29,364.35,365.29,365.55,366,0.98645,0.021556
1,63.913,324.81,325.56,325.25,326.48,338.09,347.89,364.32,364.91,365.36,365.86,0.9871,0.021973
1,63.913,324.81,325.04,326.25,325.71,337.74,347.41,364.14,364.52,365.33,365.87,0.99382,0.028489
1,63.913,325.03,325.69,325.31,326.44,338.7,347.73,363.85,364.79,365.45,365.88,0.98728,0.021787
1,63.913,324.81,325.06,325.56,326.51,337.74,347.34,364.46,364.92,365.65,365.89,0.99147,0.025837
1,63.913,324.59,324.91,325.75,325.4,337.25,347.08,364.05,364.74,365.42,365.96,0.99273,0.026981
1,63.913,324.66,325.4,325.6,325.8,337.67,347.3,363.92,364.54,365.18,365.85,0.98977,0.023935
1,63.913,324.76,325.3,324.92,325.85,337.86,347.15,363.81,364.76,365.32,365.97,0.99095,0.025053
1,63.913,324.7,325.26,325.55,325.74,338.66,346.63,364.19,364.88,365.65,365.83,0.99054,0.02461
1,63.913,324.69,325.08,325.72,325.38,336.03,347.01,363.47,364.68,365.31,365.95,0.98656,0.02062
1,63.913,324.8,324.97,325.49,325.66,336.59,346.69,363.51,364.63,365.27,365.7,0.99016,0.024237
1,63.913,324.52,324.6,324.75,326.17,338.18,346.22,363.77,364.75,365.42,365.81,0.9835,0.017613
1,63.913,324.64,325.04,324.96,325.19,337.02,347.42,363.99,364.62,365.48,365.91,0.98218,0.016345
1,63.913,324.81,324.68,325.17,324.78,337.32,345.98,363.6,364.63,365.18,365.88,0.989,0.023238
1,63.913,324.71,325.22,325.42,325.97,336.13,346.84,363.73,364.31,365.28,365.87,0.98859,0.022923
1,63.913,324.72,324.98,324.73,326.01,336.44,346.52,363.74,364.65,364.98,365.79,0.99332,0.027759
1,63.913,324.91,325.1,325.36,326.12,335.99,346.88,364.08,364.52,365.27,365.9,0.99207,0.026638
1,63.913,324.7,325.01,324.86,326.14,334.67,346.76,363.47,364.61,365.12,365.77,0.99349,0.028207
1,63.913,324.99,324.94,324.65,326.25,334.72,346.56,363.59,364.38,365.39,365.6,0.99883,0.033702
1,63.913,324.81,324.92,325.35,326.18,334.22,346.3,363.18,364.53,365.05,365.68,0.99088,0.025929
1,63.913,324.76,324.77,325.6,324.86,334.92,346.46,363.35,364.3,365.09,365.59,0.98573,0.020964
1,63.913,324.54,324.8,325.57,325.51,335.66,345.96,363.52,364.36,365.13,365.72,0.98963,0.025065
1,63.913,324.47,324.38,325.3,325.57,335.37,347.23,363.6,364.04,365.07,365.7,0.98871,0.02436
1,63.913,324.89,325.05,325.39,325.27,334.93,345.74,363.49,364.42,364.99,365.67,1.0004,0.036235
1,63.913,324.65,325.01,325.24,325.25,334.19,346.56,363.59,364.15,365.16,365.52,0.99408,0.030184
1,63.913,324.46,324.82,325.4,325.62,334.77,345.95,362.95,364.19,364.9,365.61,0.99294,0.029284
1,62.66,324.57,324.91,325.07,326,332.76,346.03,362.55,364.06,365.05,365.53,0.99842,0.035021
1,62.66,324.85,324.86,324.95,324.87,333.22,346.39,362.98,364.06,365.2,365.56,0.99365,0.030504
1,62.66,324.61,324.97,324.99,325.88,335.7,345.7,362.81,363.85,364.93,365.6,0.99992,0.036783
1,62.66,324.8,325.45,325.38,325.96,335.24,346.43,363.05,363.92,364.83,365.62,0.99065,0.027418
1,62.66,324.55,324.93,324.95,325.57,336.15,346.01,363.26,364.05,364.99,365.65,0.99308,0.029762
1,62.66,324.72,324.93,325.77,326.21,337.51,345.42,363.68,364.14,364.75,365.64,0.98921,0.025799
1,62.66,324.63,324.87,324.37,325.58,335.13,346.44,362.99,363.97,364.91,365.55,0.98568,0.022168
1,62.66,324.51,325.39,324.91,325.76,335.99,345.83,363.66,364.26,364.88,365.63,0.992,0.028377
1,62.66,324.74,325.04,324.39,325.12,337.92,346.49,363.44,364.25,365.23,365.71,0.99369,0.029954
1,62.66,324.69,325.1,325.01,325.04,336.57,346.68,363.82,364.18,365.03,365.61,0.99482,0.030954
1,62.66,324.83,324.52,325.4,326.29,335.84,347.02,363.48,364.18,364.97,365.73,0.99383,0.029826
1,62.66,324.53,324.82,324.89,326.09,335.88,345.12,363.88,364.57,365.2,365.59,0.99863,0.03449
1,62.66,324.74,325.44,324.49,326.11,336.42,346.83,363.38,364.21,365.15,365.74,0.98897,0.024698
1,62.66,324.78,324.77,324.81,326.8,336.27,346.57,363.54,364.53,364.97,365.61,0.98607,0.021655
1,62.66,324.57,324.75,325.15,326.11,337.48,347.51,363.44,364.43,365,365.67,1.002,0.037436
1,62.66,324.55,325.07,325.56,325.42,335.71,346.27,363.83,364.72,365.08,365.6,0.98445,0.019753
1,62.66,324.65,325.18,325.83,325.18,337.59,347.31,363.57,364.34,365.11,365.6,0.99279,0.027948
1,62.66,324.7,325.01,325.61,324.94,337.83,346.21,363.63,364.49,365.28,365.61,0.99558,0.030596
1,62.66,324.81,324.91,324.85,325.53,337.32,346.61,363.65,364.53,365.18,365.56,0.98805,0.022919
1,62.66,324.62,324.78,325.65,324.82,338.68,346.33,363.94,364.11,365.08,365.59,0.9983,0.03304
1,62.66,324.71,325.36,326.02,326.16,336.27,346.85,363.76,364.58,365.27,365.7,0.99115,0.02575
1,62.66,324.58,324.41,325.36,325.74,337.73,347.36,363.65,364.87,364.99,365.71,0.9993,0.033766
1,62.66,324.79,324.65,325,325.91,338.73,346.13,363.9,364.63,365.13,365.79,0.98944,0.023782
1,62.66,324.91,325.46,325.56,327.07,337.2,347.14,363.52,364.63,365.2,365.76,0.99319,0.027402
1,62.66,324.77,325.23,325.67,325.82,338.86,347.5,363.74,364.89,365.12,365.73,0.99462,0.028707
1,62.66,325.04,324.88,325.95,325.52,336.67,347.8,364.04,364.81,365.27,365.74,0.98695,0.020915
1,62.66,324.65,325.21,325.62,325.52,337.91,348,363.76,364.35,365.29,365.71,0.98679,0.020644
1,62.66,324.95,325.41,325.29,326.47,337.5,347,363.87,364.8,365.44,365.69,0.99211,0.025855
1,62.66,324.49,324.76,326.26,326.93,338.45,347.73,363.9,364.41,365.26,365.74,0.98776,0.021394
1,62.66,324.65,324.76,325.32,325.25,338.51,347.06,363.95,365.03,365.21,365.72,0.98378,0.01731
1,62.66,324.63,325.07,326.03,326.44,338.99,347.44,364.24,364.71,365.41,365.79,0.98509,0.018517
1,62.66,324.59,325.25,325.53,325.77,339.04,347.16,364.14,364.67,365.33,365.76,0.99121,0.024545
1,62.66,324.59,325.03,325.22,326.43,336.01,347.32,364.17,364.89,365.46,365.8,0.99316,0.026407
1,62.66,324.42,325.05,325.81,325.54,337,347.45,364.26,364.56,365.29,365.7,0.98921,0.022365
1,62.66,324.84,325.21,325.92,326.4,337.14,347.39,363.66,364.71,365.17,365.85,0.98918,0.02225
1,62.66,324.88,324.81,325.35,326.76,337.69,347.85,364.19,364.88,365.54,365.71,0.99293,0.02593
1,62.66,324.95,324.95,326.08,326.59,338.52,347.71,363.67,364.84,365.18,365.79,0.9921,0.025019
1,62.66,324.79,324.7,324.74,326.27,338.17,347.49,363.96,364.84,365.4,365.9,0.99721,0.03006
1,62.66,324.89,324.69,325.46,326.3,338.61,347.11,364.48,364.96,365.11,366.09,0.99186,0.024641
1,62.66,324.9,325.08,325.07,326.06,340.63,347.55,363.95,364.66,365.42,365.74,0.98617,0.018894
1,62.66,324.84,324.89,325.54,326.77,338.24,346.98,364.18,364.86,365.47,365.81,0.98935,0.022013
1,62.66,324.55,324.88,324.93,326.98,337.73,346.85,364.12,364.86,365.26,365.77,0.99253,0.02514
1,62.66,324.91,324.58,324.9,326.39,338.25,347.35,364.46,364.78,365.42,365.88,0.99035,0.022909
1,62.66,324.9,324.84,325.64,325.98,339.54,347.19,364.09,365.02,365.4,365.87,0.98161,0.014125
1,62.66,324.68,324.8,325.49,326.42,338.74,347.4,363.85,364.79,365.25,365.93,0.99243,0.024896
1,62.66,324.89,325.12,325.11,327.01,341.41,347.77,364.13,365.05,365.51,365.93,0.99541,0.027833
1,62.66,324.97,325.33,324.88,326.2,339.21,346.99,364.45,364.89,365.43,365.94,0.99157,0.023951
1,62.66,324.61,325.04,325.3,325.72,338.56,348.54,364.2,365.45,365.34,365.85,0.9853,0.017656
1,62.66,324.73,325.4,326.02,326.46,338.73,347.6,364.31,364.87,365.41,365.91,0.99709,0.029415
1,62.66,324.7,325.3,325.75,326.92,337.88,347.81,364.08,365.1,365.35,365.84,0.98779,0.020084
1,62.66,324.85,325.04,325.29,326.41,337.8,348.38,364.51,365.06,365.46,365.77,0.9891,0.021371
1,62.66,324.85,325.3,325.58,326.7,338.94,348.2,364,365.28,365.28,365.82,0.9825,0.014745
1,62.66,324.73,325.57,325.52,326.13,337.16,347.4,363.93,365.28,365.54,366,0.99482,0.027047
1,62.66,324.9,325.51,326.17,326.11,339.51,348.03,364.59,364.85,365.55,365.98,0.99929,0.031503
1,62.66,324.69,325.3,325.61,325.6,337.77,348.62,364.17,365.04,365.55,366.04,0.9899,0.022095
1,62.66,324.85,324.75,325.93,325.97,336.58,347.84,364.9,365.37,365.55,365.91,0.99178,0.023961
1,62.66,324.64,324.95,326.06,325.59,339.02,347.86,364.55,365.08,365.58,365.91,0.99311,0.025286
1,62.66,324.93,325.17,325.23,326.61,338.53,348.43,364.27,364.78,365.57,365.89,0.98114,0.013307
1,62.66,324.73,324.8,325.65,326.01,338.46,347.91,364.46,365.07,365.63,366.04,0.98936,0.021525
1,62.66,324.86,325.2,326.12,325.7,338.93,347,364.47,365.39,365.65,365.91,0.9819,0.014058
1,62.66,324.92,324.97,325.72,327.87,339.13,348.52,364.92,365.03,365.7,365.95,0.98452,0.016679
1,62.66,324.98,325.33,325.8,326.13,339.16,349.38,364.28,364.74,365.56,365.98,1.0017,0.033823
1,62.66,325.08,325.32,325.65,327.09,339.53,348.26,364.62,365.25,365.45,365.94,0.9869,0.019062
1,62.66,324.87,325.16,325.81,326.35,339.43,348.34,363.99,365.07,365.85,366.09,0.99508,0.02725
1,62.66,324.81,325.21,325.63,326.96,339.43,348.58,364.5,365.21,365.69,366.05,0.99834,0.030516
1,62.66,324.7,325.36,325.45,325.64,339.11,349.29,364.98,364.78,365.44,365.96,0.98598,0.018172
1,62.66,324.82,325.07,325.58,326.42,339.34,348.7,364.93,365,365.52,366.03,0.97682,0.0090215
1,62.66,324.73,325.38,325.14,327.24,340.66,347.77,364.58,364.97,365.62,366.06,0.99157,0.02378
1,62.66,324.74,325.03,325.32,326.48,339.37,347.88,364.64,365.05,365.45,366,0.98932,0.021542
1,62.66,325.01,325.13,325.35,326.57,340.19,347.9,364.61,364.87,365.77,365.92,0.988,0.020235
